rho_c_out,rho_c_in,r_chain,phi_c_out,phi_c_in,r_scaled,tail_model,vdep_model,nmon,dcyl,dcrowd
0.05,0.0485144252707825,74.14921034210731,0.013404128655316453,0.013005871959366087,0.9999999999999984,LJ,Ha,400.0,20.0,0.8
0.05,0.0485144252707825,74.14921034210742,0.013404128655316453,0.013005871959366087,1.0,LJ,Ha,400.0,20.0,0.8
0.1,0.0970224417982131,73.87299288776046,0.026808257310632907,0.026010025846324017,0.9962748429407062,LJ,Ha,400.0,20.0,0.8
0.1,0.0970224417982131,73.87299288776089,0.026808257310632907,0.026010025846324017,0.9962748429407119,LJ,Ha,400.0,20.0,0.8
0.15,0.1455199543570595,73.53762576315378,0.04021238596594936,0.03901136380235607,0.9917519744831815,LJ,Ha,400.0,20.0,0.8
0.15,0.1455199543570595,73.53762576315333,0.04021238596594936,0.03901136380235607,0.9917519744831754,LJ,Ha,400.0,20.0,0.8
0.2,0.1940008872162595,73.13228438591514,0.053616514621265814,0.05200825702984558,0.9862854108425374,LJ,Ha,400.0,20.0,0.8
0.2,0.1940008872162594,73.13228438591433,0.053616514621265814,0.05200825702984556,0.9862854108425264,LJ,Ha,400.0,20.0,0.8
0.25,0.2424560578676484,72.64310742548037,0.06702064327658226,0.0649982438583762,0.9796882136751256,LJ,Ha,400.0,20.0,0.8
0.25,0.2424560578676485,72.64310742548084,0.06702064327658226,0.06499824385837623,0.9796882136751318,LJ,Ha,400.0,20.0,0.8
0.3,0.29087189588475,72.05180616840697,0.08042477193189872,0.07797768629310002,0.97171373553375,LJ,Ha,400.0,20.0,0.8
0.35,0.3392289453569365,71.33373213706184,0.09382890058721516,0.09094136854343382,0.9620295591543644,LJ,Ha,400.0,20.0,0.8
0.35,0.3392289453569366,71.3337321370628,0.09382890058721516,0.09094136854343386,0.9620295591543773,LJ,Ha,400.0,20.0,0.8
0.4,0.3874999229478199,70.45517870955919,0.10723302924253163,0.10388197642235579,0.9501811062382888,LJ,Ha,400.0,20.0,0.8
0.4,0.3874999229478197,70.45517870955868,0.10723302924253163,0.10388197642235575,0.9501811062382819,LJ,Ha,400.0,20.0,0.8
0.45,0.4356468487463126,69.3695204323862,0.12063715789784807,0.11678932817757522,0.9355395709857349,LJ,Ha,400.0,20.0,0.8
0.45,0.4356468487463121,69.36952043238375,0.12063715789784807,0.11678932817757509,0.935539570985702,LJ,Ha,400.0,20.0,0.8
0.5,0.4836162887611631,68.01147487342605,0.13404128655316452,0.12964909908722605,0.9172245336077988,LJ,Ha,400.0,20.0,0.8
0.5,0.4836162887611629,68.01147487342551,0.13404128655316452,0.129649099087226,0.9172245336077915,LJ,Ha,400.0,20.0,0.8
0.55,0.5313307233500338,66.28815056863789,0.14744541520848098,0.14244050748612413,0.8939832300681233,LJ,Ha,400.0,20.0,0.8
0.55,0.5313307233500331,66.2881505686352,0.14744541520848098,0.14244050748612394,0.8939832300680871,LJ,Ha,400.0,20.0,0.8
0.6000000000000001,0.5786716121614679,64.06426385336326,0.16084954386379746,0.155131774771834,0.8639911815349814,LJ,Ha,400.0,20.0,0.8
0.6500000000000001,0.6254432156937472,61.13612662792249,0.17425367251911392,0.1676704265950765,0.8245013850566236,LJ,Ha,400.0,20.0,0.8
0.7000000000000001,0.6712865422469328,57.182873687794505,0.18765780117443034,0.17996022353720822,0.7711865497146343,LJ,Ha,400.0,20.0,0.8
0.7000000000000001,0.6712865422469316,57.182873687791755,0.18765780117443034,0.1799602235372079,0.7711865497145972,LJ,Ha,400.0,20.0,0.8
0.7500000000000001,0.7154440178435512,51.67232134916519,0.20106192982974683,0.19179807321702957,0.6968694758954407,LJ,Ha,400.0,20.0,0.8
0.7500000000000001,0.7154440178435512,51.6723213491652,0.20106192982974683,0.19179807321702957,0.6968694758954408,LJ,Ha,400.0,20.0,0.8
0.8,0.7560086345450958,43.721097399253274,0.21446605848506325,0.20267274003945165,0.5896367230012859,LJ,Ha,400.0,20.0,0.8
0.8,0.756008634545095,43.72109739925243,0.21446605848506325,0.20267274003945143,0.5896367230012745,LJ,Ha,400.0,20.0,0.8
0.8500000000000001,0.7877111978824846,32.5555995896361,0.2278701871403797,0.21117164479300518,0.43905524333208734,LJ,Ha,400.0,20.0,0.8
0.8500000000000001,0.7877111978824829,32.55559958963507,0.2278701871403797,0.21117164479300474,0.43905524333207346,LJ,Ha,400.0,20.0,0.8
0.9000000000000001,0.8036996378868448,21.39331902465794,0.24127431579569616,0.21545786692933028,0.2885171524545451,LJ,Ha,400.0,20.0,0.8
0.95,0.8100934897743277,14.61902480358448,0.25467844445101256,0.21717194719538743,0.19715685084353102,LJ,Ha,400.0,20.0,0.8
1.0,0.8142135423076559,10.861152393130288,0.26808257310632905,0.2182764614798553,0.14647697990335198,LJ,Ha,400.0,20.0,0.8
1.05,0.8184819459685883,8.593165398145702,0.28148670176164553,0.21942074611633453,0.11589018087311802,LJ,Ha,400.0,20.0,0.8
1.1,0.826174327596501,7.212497840037681,0.29489083041696196,0.22148293957646123,0.09727005596905042,LJ,Ha,400.0,20.0,0.8
1.15,0.8411149475762264,6.447165600844375,0.3082949590722784,0.22548825942442985,0.08694854026224466,LJ,Ha,400.0,20.0,0.8
1.2000000000000002,0.8618894227521753,6.014078089043591,0.3216990877275949,0.23105753418453176,0.08110778336405763,LJ,Ha,400.0,20.0,0.8
1.2500000000000002,0.8856631996550348,5.734653080863834,0.33510321638291135,0.23743086946910616,0.07733936820642406,LJ,Ha,400.0,20.0,0.8
1.3,0.9108834561925528,5.532714680704731,0.3485073450382278,0.24419198073608572,0.07461596226282191,LJ,Ha,400.0,20.0,0.8
1.35,0.936806652635074,5.3750901494729595,0.36191147369354426,0.25114153794153765,0.07249018734890808,LJ,Ha,400.0,20.0,0.8
1.4,0.9630548810671004,5.2454920840668295,0.37531560234886063,0.25817823055907796,0.07074238632974422,LJ,Ha,400.0,20.0,0.8
1.4500000000000002,0.989421819992049,5.134999274167124,0.38871973100417717,0.2652467473910156,0.06925224490558182,LJ,Ha,400.0,20.0,0.8
1.5000000000000002,1.0157887075803558,5.0382861977154265,0.40212385965949365,0.2723152504604942,0.06794794138022417,LJ,Ha,400.0,20.0,0.8
1.55,1.0420850006216489,4.951954203594666,0.41552798831481,0.27936482836216214,0.06678364045614898,LJ,Ha,400.0,20.0,0.8
1.6,1.068268381341423,4.873717259578258,0.4289321169701265,0.28638413643814187,0.06572851197055296,LJ,Ha,400.0,20.0,0.8
1.65,1.0943138449396457,4.801971459476728,0.4423362456254429,0.2933664713373006,0.06476092513084812,LJ,Ha,400.0,20.0,0.8
1.7000000000000002,1.1202073788327496,4.735551979034521,0.4557403742807594,0.3003080765301798,0.06386517074404127,LJ,Ha,400.0,20.0,0.8
1.7500000000000002,1.1459421189350034,4.673588227291286,0.4691445029360759,0.30720711187501465,0.06302950774159864,LJ,Ha,400.0,20.0,0.8
1.8,1.1715159181827886,4.615413532475971,0.4825486315913923,0.3140630017814656,0.062244945174486865,LJ,Ha,400.0,20.0,0.8
1.85,1.196929759004966,4.560506642488047,0.49595276024670876,0.3208760096215896,0.061504453269925825,LJ,Ha,400.0,20.0,0.8
1.9,1.2221866906604153,4.508452579428678,0.5093568889020251,0.32764695284855316,0.06080243550305813,LJ,Ha,400.0,20.0,0.8
1.95,1.2472911041971886,4.4589156995546935,0.5227610175573416,0.3343770086258167,0.060134365274859714,LJ,Ha,400.0,20.0,0.8
2.0,1.272248230831068,4.411620694627598,0.5361651462126581,0.3410675793511676,0.059496529690247456,LJ,Ha,400.0,20.0,0.8
2.05,1.2970637917069607,4.3663389033886295,0.5495692748679745,0.3477201987638536,0.05888584495024755,LJ,Ha,400.0,20.0,0.8
2.1,1.3217437522525637,4.322878260254228,0.5629734035232911,0.35433646609108155,0.05829972079688322,LJ,Ha,400.0,20.0,0.8
2.15,1.3462941499493764,4.281075789164717,0.5763775321786074,0.3609179998764268,0.057735959282813894,LJ,Ha,400.0,20.0,0.8
2.1999999999999997,1.3707209742894404,4.240791912715235,0.5897816608339238,0.3674664057983275,0.05719267802245223,LJ,Ha,400.0,20.0,0.8
0.02,0.0192089622181078,74.2179902734373,0.010471975511965976,0.010057789097915226,1.0,LJ,Ha,400.0,20.0,1.0
0.04,0.038416595343338,74.0343473205074,0.020943951023931952,0.020114882284427087,0.9975256275162758,LJ,Ha,400.0,20.0,1.0
0.04,0.038416595343338,74.03434732050728,0.020943951023931952,0.020114882284427087,0.9975256275162743,LJ,Ha,400.0,20.0,1.0
0.06,0.0576218466743732,73.82068433905808,0.03141592653589793,0.030170728366414715,0.9946467705078588,LJ,Ha,400.0,20.0,1.0
0.06,0.0576218466743732,73.8206843390583,0.03141592653589793,0.030170728366414715,0.9946467705078618,LJ,Ha,400.0,20.0,1.0
0.08,0.0768233191987084,73.5730293559881,0.041887902047863905,0.040224595869841,0.9913099113156661,LJ,Ha,400.0,20.0,1.0
0.08,0.0768233191987084,73.57302935598791,0.041887902047863905,0.040224595869841,0.9913099113156637,LJ,Ha,400.0,20.0,1.0
0.1,0.0960190868335745,73.28667972622162,0.05235987755982988,0.05027547630012635,0.9874516873363924,LJ,Ha,400.0,20.0,1.0
0.1,0.0960190868335744,73.28667972622114,0.05235987755982988,0.050275476300126284,0.987451687336386,LJ,Ha,400.0,20.0,1.0
0.12,0.1152064883466429,72.95594817321599,0.06283185307179585,0.060321976239281906,0.9829954692174817,LJ,Ha,400.0,20.0,1.0
0.12,0.115206488346643,72.95594817321616,0.06283185307179585,0.060321976239281955,0.982995469217484,LJ,Ha,400.0,20.0,1.0
0.1399999999999999,0.1343819081455958,72.5738334973232,0.07330382858376178,0.07036220256759702,0.9778469240401605,LJ,Ha,400.0,20.0,1.0
0.1399999999999999,0.1343819081455957,72.57383349732281,0.07330382858376178,0.07036220256759697,0.9778469240401552,LJ,Ha,400.0,20.0,1.0
0.16,0.153540541229451,72.13160122954318,0.08377580409572781,0.08039363939244065,0.9718883651226967,LJ,Ha,400.0,20.0,1.0
0.16,0.1535405412294511,72.13160122954346,0.08377580409572781,0.08039363939244071,0.9718883651227006,LJ,Ha,400.0,20.0,1.0
0.18,0.1726761284766088,71.61825179071788,0.09424777960769379,0.09041300944540691,0.9649715860919793,LJ,Ha,400.0,20.0,1.0
0.18,0.172676128476609,71.61825179071882,0.09424777960769379,0.090413009445407,0.964971586091992,LJ,Ha,400.0,20.0,1.0
0.1999999999999999,0.1917806349353234,71.0198421127208,0.10471975511965971,0.10041610563559966,0.9569087205280857,LJ,Ha,400.0,20.0,1.0
0.1999999999999999,0.1917806349353233,71.01984211271996,0.10471975511965971,0.1004161056355996,0.9569087205280744,LJ,Ha,400.0,20.0,1.0
0.22,0.210843824702617,70.31860904469103,0.11519173063162574,0.11039756845675261,0.9474604308957978,LJ,Ha,400.0,20.0,1.0
0.22,0.210843824702617,70.31860904469119,0.11519173063162574,0.11039756845675261,0.9474604308957999,LJ,Ha,400.0,20.0,1.0
0.24,0.2298526559938231,69.49181561499141,0.1256637061435917,0.12035056924638275,0.9363203632834372,LJ,Ha,400.0,20.0,1.0
0.24,0.2298526559938232,69.49181561499164,0.1256637061435917,0.12035056924638281,0.9363203632834401,LJ,Ha,400.0,20.0,1.0
0.26,0.2487903692382284,68.51019822146186,0.1361356816555577,0.13026633271378504,0.9230942251205331,LJ,Ha,400.0,20.0,1.0
0.28,0.2676350498753465,67.33582354320673,0.1466076571675237,0.14013338442192105,0.9072709095884304,LJ,Ha,400.0,20.0,1.0
0.28,0.2676350498753466,67.33582354320713,0.1466076571675237,0.1401333844219211,0.9072709095884357,LJ,Ha,400.0,20.0,1.0
0.3,0.2863572748310425,65.91905052832757,0.15707963267948963,0.1499363184851994,0.888181561983363,LJ,Ha,400.0,20.0,1.0
0.32,0.3049161065704151,64.19410675040415,0.16755160819145562,0.15965370006046975,0.8649399763305001,LJ,Ha,400.0,20.0,1.0
0.32,0.3049161065704147,64.19410675040226,0.16755160819145562,0.15965370006046953,0.8649399763304747,LJ,Ha,400.0,20.0,1.0
0.34,0.3232519699867245,62.072494533628706,0.1780235837034216,0.16925433569478698,0.8363537506868403,LJ,Ha,400.0,20.0,1.0
0.36,0.3412733205489349,59.43305209784013,0.18849555921538758,0.17869029278378806,0.8007903727771957,LJ,Ha,400.0,20.0,1.0
0.36,0.341273320548934,59.43305209783726,0.18849555921538758,0.1786902927837876,0.800790372777157,LJ,Ha,400.0,20.0,1.0
0.38,0.3588301989529438,56.10739516073454,0.19896753472735354,0.18788305281945536,0.7559810627318406,LJ,Ha,400.0,20.0,1.0
0.38,0.358830198952943,56.10739516073208,0.19896753472735354,0.18788305281945492,0.7559810627318075,LJ,Ha,400.0,20.0,1.0
0.4,0.3756587311419928,51.862198249420345,0.20943951023931953,0.19669445166875793,0.6987820346299769,LJ,Ha,400.0,20.0,1.0
0.4,0.3756587311419925,51.86219824941973,0.20943951023931953,0.1966944516687578,0.6987820346299686,LJ,Ha,400.0,20.0,1.0
0.42,0.3912624952077629,46.39914527459536,0.2199114857512855,0.2048645634283199,0.6251738305449868,LJ,Ha,400.0,20.0,1.0
0.42,0.3912624952077629,46.39914527459549,0.2199114857512855,0.2048645634283199,0.6251738305449884,LJ,Ha,400.0,20.0,1.0
0.44,0.4047011563384126,39.48881924742715,0.2303834612632515,0.21190102994200855,0.5320653267750939,LJ,Ha,400.0,20.0,1.0
0.46,0.4145933412906751,31.56599952510901,0.24085543677521745,0.2170805658710051,0.42531466304614446,LJ,Ha,400.0,20.0,1.0
0.48,0.4204405672688158,24.285465424987738,0.2513274122871834,0.22014216623380614,0.32721804154914624,LJ,Ha,400.0,20.0,1.0
0.5,0.4236718199681817,18.888893851514645,0.2617993877991494,0.22183404619084282,0.25450559604111245,LJ,Ha,400.0,20.0,1.0
0.5,0.423671819968181,18.88889385151441,0.2617993877991494,0.22183404619084246,0.2545055960411093,LJ,Ha,400.0,20.0,1.0
0.52,0.4257959231960685,15.17046551813092,0.2722713633111154,0.22294622404020875,0.20440415406344473,LJ,Ha,400.0,20.0,1.0
0.54,0.4275148458184706,12.563507365222634,0.2827433388230814,0.22384624982064671,0.16927846360344154,LJ,Ha,400.0,20.0,1.0
0.56,0.4291099053422883,10.664879417461544,0.2932153143350474,0.22468142103432406,0.14369668833889881,LJ,Ha,400.0,20.0,1.0
0.5800000000000001,0.4307615335421745,9.236745743330191,0.3036872898470134,0.2255462115375281,0.1244542692317557,LJ,Ha,400.0,20.0,1.0
0.6,0.432766076767956,8.1484837821173,0.31415926535897926,0.22659578791618115,0.10979122113245435,LJ,Ha,400.0,20.0,1.0
0.62,0.4357005312776092,7.33616913708133,0.32463124087094525,0.22813226470448447,0.09884623808935114,LJ,Ha,400.0,20.0,1.0
0.64,0.4401949843328044,6.757777850476665,0.33510321638291124,0.23048555482116873,0.09105309677046432,LJ,Ha,400.0,20.0,1.0
0.66,0.4463552533244339,6.35607239164321,0.34557519189487723,0.23371106412254208,0.08564058886835764,LJ,Ha,400.0,20.0,1.0
0.68,0.453801449773931,6.070284263813423,0.3560471674068432,0.23760988346636316,0.08178993046630616,LJ,Ha,400.0,20.0,1.0
0.7000000000000001,0.4621015286757874,5.856787026156378,0.3665191429188092,0.24195579461674446,0.07891330666026575,LJ,Ha,400.0,20.0,1.0
0.7200000000000001,0.4709451783293994,5.68930262094924,0.3769911184307752,0.24658631874719603,0.07665665157448286,LJ,Ha,400.0,20.0,1.0
0.74,0.4801339956712626,5.552461548826234,0.38746309394274114,0.251397572256592,0.07481287930823245,LJ,Ha,400.0,20.0,1.0
0.76,0.4895425816164678,5.437012997512825,0.3979350694547071,0.2563238963376128,0.07325734606234331,LJ,Ha,400.0,20.0,1.0
0.78,0.4990900753330944,5.337137612671724,0.40840704496667307,0.26132295235767095,0.0719116428915469,LJ,Ha,400.0,20.0,1.0
0.8,0.5087229294548611,5.249008882471766,0.41887902047863906,0.266366702981345,0.07072421205604097,LJ,Ha,400.0,20.0,1.0
0.8200000000000001,0.5184047926393561,5.17000832184586,0.42935099599060506,0.27143611469025686,0.0696597725537741,LJ,Ha,400.0,20.0,1.0
0.8400000000000001,0.5281104781690487,5.098280894632397,0.43982297150257105,0.276517999749946,0.06869332995745478,LJ,Ha,400.0,20.0,1.0
0.86,0.537822265409637,5.032472625706751,0.450294947014537,0.2816030796579892,0.06780664104708152,LJ,Ha,400.0,20.0,1.0
0.88,0.5475275601482056,4.971569559830399,0.460766922526503,0.28668476009992433,0.06698604397011985,LJ,Ha,400.0,20.0,1.0
0.9,0.5572173693339634,4.914795335321663,0.47123889803846897,0.2917583323253683,0.0662210781673601,LJ,Ha,400.0,20.0,1.0
0.92,0.5668852788416544,4.861543926868611,0.4817108735504349,0.29682043790619045,0.0655035781615413,LJ,Ha,400.0,20.0,1.0
0.94,0.5765267511331436,4.811334211040901,0.49218284906240084,0.3018687009929791,0.06482706138113906,LJ,Ha,400.0,20.0,1.0
0.96,0.5861386319751242,4.763778490094087,0.5026548245743668,0.3069014700330369,0.06418630405570346,LJ,Ha,400.0,20.0,1.0
0.98,0.5957187972293507,4.718560190709772,0.5131268000863328,0.31191763283017926,0.06357704073265037,LJ,Ha,400.0,20.0,1.0
1.0,0.6052658956450959,4.6754177431884845,0.5235987755982988,0.31691648187117993,0.06299574706837383,LJ,Ha,400.0,20.0,1.0
1.02,0.6147791588080864,4.63413271682729,0.5340707511102648,0.32189761481526613,0.06243947996643412,LJ,Ha,400.0,20.0,1.0
1.04,0.6242582589386092,4.594520945279522,0.5445427266222308,0.3268608600373816,0.06190575800223341,LJ,Ha,400.0,20.0,1.0
1.06,0.6337032013481232,4.55642579058986,0.5550147021341968,0.3318062203185995,0.06139247066382247,LJ,Ha,400.0,20.0,1.0
1.08,0.6431142423718459,4.519712962228523,0.5654866776461628,0.3367338298757261,0.06089780854448889,LJ,Ha,400.0,20.0,1.0
1.1,0.6524918262744163,4.4842664837308135,0.5759586531581288,0.34164392132518223,0.06042020899797576,LJ,Ha,400.0,20.0,1.0
1.12,0.6618365364507829,4.449985517905581,0.5864306286700948,0.3465368001318488,0.059958313361905144,LJ,Ha,400.0,20.0,1.0
1.14,0.6711490575090048,4.41678184245123,0.5969026041820606,0.35141282475566715,0.05951093294467718,LJ,Ha,400.0,20.0,1.0
0.005,0.0044922394393933,74.08940868169299,0.020943951023931952,0.01881704856128576,1.0,LJ,Ha,400.0,20.0,2.0
0.01,0.008987277743657,73.71207485502293,0.041887902047863905,0.03764582098032518,0.9949070476687002,LJ,Ha,400.0,20.0,2.0
0.015,0.0134818941751536,73.2192962221442,0.06283185307179585,0.05647282626285009,0.9882559130241272,LJ,Ha,400.0,20.0,2.0
0.02,0.0179705029411294,72.5779773657706,0.08377580409572781,0.07527466669488785,0.9795999004066035,LJ,Ha,400.0,20.0,2.0
0.02,0.0179705029411294,72.57797736577069,0.08377580409572781,0.07527466669488785,0.9795999004066048,LJ,Ha,400.0,20.0,2.0
0.025,0.0224438443370443,71.73961929290124,0.10471975511965977,0.09401255531676167,0.9682844089242628,LJ,Ha,400.0,20.0,2.0
0.025,0.0224438443370442,71.73961929290107,0.10471975511965977,0.09401255531676124,0.9682844089242605,LJ,Ha,400.0,20.0,2.0
0.03,0.0268876825719358,70.63160940491517,0.1256637061435917,0.11262686138673042,0.9533293713864905,LJ,Ha,400.0,20.0,2.0
0.03,0.0268876825719358,70.63160940491521,0.1256637061435917,0.11262686138673042,0.9533293713864911,LJ,Ha,400.0,20.0,2.0
0.0349999999999999,0.0312811913584439,69.14507228419271,0.14660765716752325,0.1310303479562985,0.933265273870083,LJ,Ha,400.0,20.0,2.0
0.0349999999999999,0.0312811913584439,69.14507228419288,0.14660765716752325,0.1310303479562985,0.9332652738700853,LJ,Ha,400.0,20.0,2.0
0.04,0.0355941763645919,67.11809769361214,0.16755160819145562,0.1490965373034418,0.9059067805760014,LJ,Ha,400.0,20.0,2.0
0.04,0.0355941763645919,67.11809769361223,0.16755160819145562,0.1490965373034418,0.9059067805760026,LJ,Ha,400.0,20.0,2.0
0.045,0.0397813409196365,64.31343728296989,0.18849555921538758,0.16663569117744137,0.8680517016848769,LJ,Ha,400.0,20.0,2.0
0.045,0.0397813409196364,64.31343728296952,0.18849555921538758,0.16663569117744098,0.8680517016848719,LJ,Ha,400.0,20.0,2.0
0.0499999999999999,0.0437699786305285,60.394608977245205,0.20943951023931912,0.18334325775126742,0.8151584693665982,LJ,Ha,400.0,20.0,2.0
0.0499999999999999,0.0437699786305285,60.39460897724491,0.20943951023931912,0.18334325775126742,0.8151584693665942,LJ,Ha,400.0,20.0,2.0
0.055,0.047434923621335,54.931987278198136,0.2303834612632515,0.19869494342983862,0.7414283398346446,LJ,Ha,400.0,20.0,2.0
0.055,0.047434923621335,54.93198727819857,0.2303834612632515,0.19869494342983862,0.7414283398346504,LJ,Ha,400.0,20.0,2.0
0.06,0.0505614939957997,47.5848796857163,0.2513274122871834,0.21179149078897166,0.6422629162847431,LJ,Ha,400.0,20.0,2.0
0.06,0.0505614939957997,47.58487968571632,0.2513274122871834,0.21179149078897166,0.6422629162847433,LJ,Ha,400.0,20.0,2.0
0.065,0.052872328115417,38.78999718089649,0.2722713633111154,0.2214710901141108,0.5235565767240528,LJ,Ha,400.0,20.0,2.0
0.065,0.0528723281154169,38.789997180896265,0.2722713633111154,0.2214710901141104,0.5235565767240496,LJ,Ha,400.0,20.0,2.0
0.07,0.0542983465767969,30.339468563225868,0.2932153143350474,0.2274443822769835,0.4094980524621538,LJ,Ha,400.0,20.0,2.0
0.07,0.0542983465767968,30.339468563225747,0.2932153143350474,0.22744438227698308,0.40949805246215215,LJ,Ha,400.0,20.0,2.0
0.075,0.0551444663219423,23.748557869692227,0.31415926535897926,0.23098860037752492,0.3205391741176137,LJ,Ha,400.0,20.0,2.0
0.08,0.0557349381163057,19.02496747570111,0.33510321638291124,0.23346196284595694,0.25678390223678565,LJ,Ha,400.0,20.0,2.0
0.085,0.0562311858052701,15.630600654182256,0.3560471674068432,0.2355406403046389,0.21096943452923625,LJ,Ha,400.0,20.0,2.0
0.09,0.0566974798632923,13.118653014830898,0.37699111843077515,0.23749384828743242,0.1770651601660364,LJ,Ha,400.0,20.0,2.0
0.095,0.0571603797827046,11.200699217335549,0.3979350694547071,0.23943283893566306,0.15117814295774193,LJ,Ha,400.0,20.0,2.0
0.1,0.0576360078833435,9.698229916524143,0.41887902047863906,0.24142514526474043,0.13089900552709516,LJ,Ha,400.0,20.0,2.0
0.105,0.0581501030922842,8.503818237029233,0.439822971502571,0.24357858224027887,0.11477778522384767,LJ,Ha,400.0,20.0,2.0
0.11,0.0587679803434299,7.562008546950024,0.460766922526503,0.2461667404176383,0.10206598596890336,LJ,Ha,400.0,20.0,2.0
0.115,0.0596120264248095,6.852371722691122,0.4817108735504349,0.2497022723757095,0.09248787167583777,LJ,Ha,400.0,20.0,2.0
0.12,0.0607790444152743,6.349015119363106,0.5026548245743668,0.25459066590297796,0.08569396398667582,LJ,Ha,400.0,20.0,2.0
0.125,0.0622417205997221,5.997414856559807,0.5235987755982988,0.2607175095771672,0.08094834286404191,LJ,Ha,400.0,20.0,2.0
0.13,0.0639080312596328,5.742478533511488,0.5445427266222308,0.2676973353475324,0.07750741483418556,LJ,Ha,400.0,20.0,2.0
0.135,0.0656994298755096,5.547429046996066,0.5654866776461628,0.275201128322585,0.07487479176449142,LJ,Ha,400.0,20.0,2.0
0.14,0.0675652947117289,5.390802489616881,0.5864306286700948,0.2830168446719957,0.07276077087856302,LJ,Ha,400.0,20.0,2.0
0.05,0.0480781412928483,73.99686059881226,0.013404128655316453,0.012888911827956422,0.9999999999999998,LJ,deVries,400.0,20.0,0.8
0.05,0.0480781412928483,73.99686059881228,0.013404128655316453,0.012888911827956422,1.0,LJ,deVries,400.0,20.0,0.8
0.1,0.0961438105366342,73.5348710612236,0.026808257310632907,0.025774480116908288,0.9937566332699783,LJ,deVries,400.0,20.0,0.8
0.1,0.0961438105366341,73.5348710612213,0.026808257310632907,0.02577448011690826,0.9937566332699472,LJ,deVries,400.0,20.0,0.8
0.15,0.1441970588965016,72.97796374943519,0.04021238596594936,0.03865671858333903,0.9862305394967873,LJ,deVries,400.0,20.0,0.8
0.15,0.1441970588965015,72.97796374943485,0.04021238596594936,0.038656718583339,0.9862305394967826,LJ,deVries,400.0,20.0,0.8
0.2,0.1922396112628645,72.31539320056847,0.053616514621265814,0.05153608964030915,0.9772765035619525,LJ,deVries,400.0,20.0,0.8
0.2,0.1922396112628644,72.31539320056818,0.053616514621265814,0.051536089640309125,0.9772765035619486,LJ,deVries,400.0,20.0,0.8
0.25,0.2402735009369673,71.53665466151907,0.06702064327658226,0.06441313838044815,0.9667525633197918,LJ,deVries,400.0,20.0,0.8
0.25,0.2402735009369672,71.53665466151831,0.06702064327658226,0.06441313838044813,0.9667525633197815,LJ,deVries,400.0,20.0,0.8
0.3,0.2883000151635365,70.63130869620868,0.08042477193189872,0.07728820989163454,0.9545176393245848,LJ,deVries,400.0,20.0,0.8
0.3,0.2883000151635366,70.63130869620888,0.08042477193189872,0.07728820989163457,0.9545176393245876,LJ,deVries,400.0,20.0,0.8
0.35,0.3363188246754113,69.58873937449565,0.09382890058721516,0.09016121590308061,0.9404282669745129,LJ,deVries,400.0,20.0,0.8
0.4,0.3843271818921478,68.39782635022198,0.10723302924253163,0.10303141983635114,0.9243341649459089,LJ,deVries,400.0,20.0,0.8
0.4,0.384327181892148,68.39782635022259,0.10723302924253163,0.10303141983635118,0.9243341649459172,LJ,deVries,400.0,20.0,0.8
0.45,0.4323190699104195,67.0465024371868,0.12063715789784807,0.11589720866452022,0.9060722562365432,LJ,deVries,400.0,20.0,0.8
0.45,0.4323190699104197,67.04650243718774,0.12063715789784807,0.11589720866452026,0.9060722562365559,LJ,deVries,400.0,20.0,0.8
0.5,0.4802841612342782,65.52115355027087,0.13404128655316452,0.1287558137659003,0.8854585589178705,LJ,deVries,400.0,20.0,0.8
0.55,0.5282063886085305,63.80579341185498,0.14744541520848098,0.14160292778937644,0.862277033045901,LJ,deVries,400.0,20.0,0.8
0.55,0.5282063886085304,63.80579341185446,0.14744541520848098,0.14160292778937641,0.862277033045894,LJ,deVries,400.0,20.0,0.8
0.6000000000000001,0.5760618140883531,61.88090433235099,0.16084954386379746,0.15443213338910544,0.8362639148686294,LJ,deVries,400.0,20.0,0.8
0.6000000000000001,0.5760618140883534,61.88090433235184,0.16084954386379746,0.15443213338910555,0.8362639148686409,LJ,deVries,400.0,20.0,0.8
0.6500000000000001,0.6238152500328895,59.721764791643494,0.17425367251911392,0.16723399737178504,0.8070851156164062,LJ,deVries,400.0,20.0,0.8
0.7000000000000001,0.6714146094045481,57.29596032644232,0.18765780117443034,0.17999455611035214,0.7743025834174643,LJ,deVries,400.0,20.0,0.8
0.7000000000000001,0.6714146094045479,57.29596032644186,0.18765780117443034,0.17999455611035206,0.7743025834174581,LJ,deVries,400.0,20.0,0.8
0.7500000000000001,0.7187809376311004,54.55955156268733,0.20106192982974683,0.19269264325992522,0.7373225177550717,LJ,deVries,400.0,20.0,0.8
0.8,0.7657897250703781,51.45097597987193,0.21446605848506325,0.20529487995525528,0.6953129573810293,LJ,deVries,400.0,20.0,0.8
0.8,0.7657897250703768,51.45097597986991,0.21446605848506325,0.20529487995525492,0.6953129573810021,LJ,deVries,400.0,20.0,0.8
0.8500000000000001,0.8122332749740028,47.88111013701859,0.2278701871403797,0.21774558631761115,0.6470694803745111,LJ,deVries,400.0,20.0,0.8
0.8500000000000001,0.812233274973995,47.881110137008406,0.2278701871403797,0.21774558631760907,0.6470694803743734,LJ,deVries,400.0,20.0,0.8
0.9000000000000001,0.857738309540298,43.71732457203267,0.24127431579569616,0.229944693073436,0.5907997206672627,LJ,deVries,400.0,20.0,0.8
0.95,0.9015690112061095,38.76252710947795,0.25467844445101256,0.24169494035706265,0.5238401574850072,LJ,deVries,400.0,20.0,0.8
0.95,0.9015690112061088,38.76252710947723,0.25467844445101256,0.24169494035706246,0.5238401574849976,LJ,deVries,400.0,20.0,0.8
1.0,0.9421366783830798,32.7651400277998,0.26808257310632905,0.252570424958786,0.4427909476517132,LJ,deVries,400.0,20.0,0.8
1.05,0.9761056423084696,25.70792991016275,0.28148670176164553,0.2616769122136606,0.34741919727572046,LJ,deVries,400.0,20.0,0.8
1.05,0.976105642308462,25.707929910159937,0.28148670176164553,0.2616769122136585,0.34741919727568243,LJ,deVries,400.0,20.0,0.8
1.1,0.9997053255712266,18.79603436263169,0.29489083041696196,0.26800357602723485,0.2540112406192187,LJ,deVries,400.0,20.0,0.8
1.1,0.9997053255712148,18.796034362629335,0.29489083041696196,0.2680035760272317,0.2540112406191869,LJ,deVries,400.0,20.0,0.8
1.15,1.0151194216256072,13.770176674121986,0.3082949590722784,0.2721358265596013,0.18609136337255652,LJ,deVries,400.0,20.0,0.8
1.2000000000000002,1.0275813362657746,10.581307245283444,0.3216990877275949,0.2754766487021688,0.14299670499066125,LJ,deVries,400.0,20.0,0.8
1.2500000000000002,1.0409354978787189,8.570390690485882,0.33510321638291135,0.27905666670904467,0.11582100404166937,LJ,deVries,400.0,20.0,0.8
1.3,1.0609379181600729,7.388518200243531,0.3485073450382278,0.2844189670064243,0.0998490765750422,LJ,deVries,400.0,20.0,0.8
1.35,1.0906875644052596,6.7518801595742355,0.36191147369354426,0.292394328720837,0.0912454948079596,LJ,deVries,400.0,20.0,0.8
1.4,1.1272735657824402,6.383318745179104,0.37531560234886063,0.30220239810970323,0.0862647238480488,LJ,deVries,400.0,20.0,0.8
1.4500000000000002,1.1678755338041953,6.141643015055629,0.38871973100417717,0.31308707817015624,0.08299869704410417,LJ,deVries,400.0,20.0,0.8
1.5000000000000002,1.211024485235885,5.967470177767152,0.40212385965949365,0.3246545600968036,0.08064491019586492,LJ,deVries,400.0,20.0,0.8
1.55,1.2559628656474893,5.833640637671889,0.41552798831481,0.33670175674877756,0.07883632616929595,LJ,deVries,400.0,20.0,0.8
1.6,1.3022618303549311,5.7261671267899095,0.4289321169701265,0.34911370233970773,0.07738391981026585,LJ,deVries,400.0,20.0,0.8
1.65,1.3496537581744237,5.637092710444721,0.4423362456254429,0.36181865229402665,0.0761801604125784,LJ,deVries,400.0,20.0,0.8
1.7000000000000002,1.3979567330487026,5.561524584590504,0.4557403742807594,0.37476783808701375,0.0751589261974686,LJ,deVries,400.0,20.0,0.8
1.7500000000000002,1.4470378922660916,5.4962648785031964,0.4691445029360759,0.3879256415410528,0.07427700086226924,LJ,deVries,400.0,20.0,0.8
1.8,1.496794336028737,5.439119359802691,0.4825486315913923,0.40126447701356316,0.073504731360049,LJ,deVries,400.0,20.0,0.8
1.85,1.5471425699788952,5.388521760566739,0.49595276024670876,0.414761961122281,0.07282095101009232,LJ,deVries,400.0,20.0,0.8
1.9,1.598012370305591,5.343316908227207,0.5093568889020251,0.4283992680872668,0.07221004870999854,LJ,deVries,400.0,20.0,0.8
1.95,1.6493430688514146,5.3026290993347,0.5227610175573416,0.44216013383277647,0.07166019012730673,LJ,deVries,400.0,20.0,0.8
2.0,1.701081222652922,5.26577878066907,0.5361651462126581,0.45603023123165554,0.07116219172078755,LJ,deVries,400.0,20.0,0.8
2.05,1.7531791043357683,5.23222789236415,0.5495692748679745,0.4699967654065821,0.07070878210268466,LJ,deVries,400.0,20.0,0.8
2.1,1.805593693128981,5.201542897341868,0.5629734035232911,0.4840482032385767,0.07029410241527677,LJ,deVries,400.0,20.0,0.8
2.15,1.858285977900045,5.173369099876147,0.5763775321786074,0.49817408652285494,0.06991335926971994,LJ,deVries,400.0,20.0,0.8
2.1999999999999997,1.9112204578744945,5.147412385181907,0.5897816608339238,0.5123648981204508,0.0695625779732678,LJ,deVries,400.0,20.0,0.8
0.02,0.0190369016264177,74.14184584202458,0.010471975511965976,0.009967698382777572,1.0,LJ,deVries,400.0,20.0,1.0
0.04,0.0380714473670327,73.86950857008111,0.020943951023931952,0.019934163226633397,0.996326807501883,LJ,deVries,400.0,20.0,1.0
0.06,0.0571038258294599,73.55402450436752,0.03141592653589793,0.029899493286283715,0.9920716657242451,LJ,deVries,400.0,20.0,1.0
0.06,0.0571038258294598,73.55402450436618,0.03141592653589793,0.029899493286283663,0.992071665724227,LJ,deVries,400.0,20.0,1.0
0.08,0.0761348592284132,73.19157679101814,0.041887902047863905,0.039864119072345994,0.9871830942403134,LJ,deVries,400.0,20.0,1.0
0.08,0.0761348592284132,73.19157679101818,0.041887902047863905,0.039864119072345994,0.9871830942403139,LJ,deVries,400.0,20.0,1.0
0.1,0.0951657272418665,72.7785287875392,0.05235987755982988,0.04982865826276297,0.9816120432530069,LJ,deVries,400.0,20.0,1.0
0.1,0.0951657272418664,72.77852878753862,0.05235987755982988,0.049828658262762913,0.981612043252999,LJ,deVries,400.0,20.0,1.0
0.12,0.11419775225768,72.31141052891536,0.06283185307179585,0.059793803258199114,0.975311711054384,LJ,deVries,400.0,20.0,1.0
0.12,0.1141977522576799,72.31141052891465,0.06283185307179585,0.059793803258199066,0.9753117110543744,LJ,deVries,400.0,20.0,1.0
0.1399999999999999,0.1332322318260305,71.78689996044568,0.07330382858376178,0.06976023345433827,0.9682372909005176,LJ,deVries,400.0,20.0,1.0
0.1399999999999999,0.1332322318260303,71.7868999604446,0.07330382858376178,0.06976023345433817,0.968237290900503,LJ,deVries,400.0,20.0,1.0
0.16,0.1522703064639213,71.20179807919838,0.08377580409572781,0.07972854602448692,0.960345635727891,LJ,deVries,400.0,20.0,1.0
0.16,0.1522703064639214,71.20179807919874,0.08377580409572781,0.07972854602448697,0.9603456357278958,LJ,deVries,400.0,20.0,1.0
0.18,0.1713128529347062,70.55299713862075,0.09424777960769379,0.0896992000408636,0.9515948293079909,LJ,deVries,400.0,20.0,1.0
0.18,0.1713128529347063,70.55299713862145,0.09424777960769379,0.08969920004086365,0.9515948293080003,LJ,deVries,400.0,20.0,1.0
0.1999999999999999,0.1903603946638792,69.83744096737662,0.10471975511965971,0.09967246956841608,0.9419436510412833,LJ,deVries,400.0,20.0,1.0
0.1999999999999999,0.1903603946638792,69.83744096737647,0.10471975511965971,0.09967246956841608,0.9419436510412812,LJ,deVries,400.0,20.0,1.0
0.22,0.2094130220139921,69.0520762391682,0.11519173063162574,0.10964840192086585,0.9313509187011442,LJ,deVries,400.0,20.0,1.0
0.22,0.209413022013992,69.05207623916738,0.11519173063162574,0.1096484019208658,0.9313509187011331,LJ,deVries,400.0,20.0,1.0
0.24,0.228470315698497,68.19379319394005,0.1256637061435917,0.11962677756028982,0.9197746889016204,LJ,deVries,400.0,20.0,1.0
0.26,0.247531266620797,67.25935382403402,0.1361356816555577,0.12960706812494535,0.9071712884967119,LJ,deVries,400.0,20.0,1.0
0.26,0.247531266620797,67.25935382403372,0.1361356816555577,0.12960706812494535,0.9071712884967079,LJ,deVries,400.0,20.0,1.0
0.28,0.2665941847892382,66.24530485250807,0.1466076571675237,0.13958838873727172,0.8934941408615343,LJ,deVries,400.0,20.0,1.0
0.3,0.2856565885089713,65.14787186998582,0.15707963267948963,0.14956943998488445,0.8786923380461502,LJ,deVries,400.0,20.0,1.0
0.3,0.2856565885089712,65.14787186998534,0.15707963267948963,0.1495694399848844,0.8786923380461438,LJ,deVries,400.0,20.0,1.0
0.32,0.304715062481325,63.96282964866072,0.16755160819145562,0.1595484336215809,0.8627088916149663,LJ,deVries,400.0,20.0,1.0
0.34,0.323765069222289,62.68534175419838,0.1780235837034216,0.16952299382628896,0.8454785693866216,LJ,deVries,400.0,20.0,1.0
0.34,0.3237650692222885,62.68534175419636,0.1780235837034216,0.16952299382628871,0.8454785693865943,LJ,deVries,400.0,20.0,1.0
0.36,0.3428006914378836,61.30975988975334,0.18849555921538758,0.1794900223111261,0.8269251890543323,LJ,deVries,400.0,20.0,1.0
0.36,0.3428006914378834,61.30975988975227,0.18849555921538758,0.17949002231112599,0.8269251890543179,LJ,deVries,400.0,20.0,1.0
0.38,0.3618142721009612,59.82936959073413,0.19896753472735354,0.189445509866053,0.8069581882033756,LJ,deVries,400.0,20.0,1.0
0.38,0.3618142721009614,59.82936959073491,0.19896753472735354,0.1894455098660531,0.8069581882033862,LJ,deVries,400.0,20.0,1.0
0.4,0.3807959012149018,58.23606347268735,0.20943951023931953,0.19938426762897335,0.7854682171896828,LJ,deVries,400.0,20.0,1.0
0.4,0.3807959012149013,58.23606347268588,0.20943951023931953,0.19938426762897307,0.7854682171896631,LJ,deVries,400.0,20.0,1.0
0.42,0.3997326687008669,56.519915619235576,0.2199114857512855,0.20929953589841432,0.7623213986291038,LJ,deVries,400.0,20.0,1.0
0.42,0.3997326687008664,56.519915619234325,0.2199114857512855,0.20929953589841405,0.7623213986290869,LJ,deVries,400.0,20.0,1.0
0.44,0.4186075524644523,54.668620294371074,0.2303834612632515,0.21918240192658786,0.7373517569397251,LJ,deVries,400.0,20.0,1.0
0.44,0.4186075524644516,54.66862029436911,0.2303834612632515,0.21918240192658747,0.7373517569396986,LJ,deVries,400.0,20.0,1.0
0.46,0.4373977224701992,52.66674500080388,0.24085543677521745,0.2290209119348808,0.7103511438469161,LJ,deVries,400.0,20.0,1.0
0.46,0.4373977224701983,52.66674500080186,0.24085543677521745,0.22902091193488036,0.7103511438468888,LJ,deVries,400.0,20.0,1.0
0.48,0.4560718828676079,50.49473473335578,0.2513274122871834,0.23879867945429026,0.6810558080917739,LJ,deVries,400.0,20.0,1.0
0.5,0.4745859812117486,48.127603439533374,0.2617993877991494,0.2484926386785888,0.6491287462963865,LJ,deVries,400.0,20.0,1.0
0.5,0.474585981211749,48.12760343953396,0.2617993877991494,0.24849263867858903,0.6491287462963944,LJ,deVries,400.0,20.0,1.0
0.52,0.4928760642807879,45.5333041906177,0.2722713633111154,0.25806930377912896,0.6141377203858178,LJ,deVries,400.0,20.0,1.0
0.52,0.492876064280788,45.53330419061795,0.2722713633111154,0.258069303779129,0.6141377203858212,LJ,deVries,400.0,20.0,1.0
0.54,0.5108460380062544,42.67102753022812,0.2827433388230814,0.2674783600193168,0.5755323062922938,LJ,deVries,400.0,20.0,1.0
0.54,0.5108460380062534,42.67102753022666,0.2827433388230814,0.2674783600193163,0.5755323062922741,LJ,deVries,400.0,20.0,1.0
0.56,0.528346339768108,39.49060742297942,0.2932153143350474,0.2766414965944241,0.5326358815927351,LJ,deVries,400.0,20.0,1.0
0.56,0.5283463397681039,39.4906074229741,0.2932153143350474,0.27664149659442194,0.5326358815926633,LJ,deVries,400.0,20.0,1.0
0.5800000000000001,0.54513754786513,35.93723524721178,0.3036872898470134,0.2854333525948411,0.48470920623940117,LJ,deVries,400.0,20.0,1.0
0.5800000000000001,0.5451375478651286,35.93723524721027,0.3036872898470134,0.2854333525948403,0.4847092062393808,LJ,deVries,400.0,20.0,1.0
0.6,0.5608366832702508,31.974215511939157,0.31415926535897926,0.2936534006709142,0.43125734393054116,LJ,deVries,400.0,20.0,1.0
0.6,0.5608366832702504,31.9742155119388,0.31415926535897926,0.293653400670914,0.4312573439305364,LJ,deVries,400.0,20.0,1.0
0.62,0.5748823152008761,27.65166121341759,0.32463124087094525,0.301007676352294,0.37295620171549954,LJ,deVries,400.0,20.0,1.0
0.64,0.5866796549601494,23.227376002370583,0.33510321638291124,0.30718474900556664,0.31328294755247377,LJ,deVries,400.0,20.0,1.0
0.64,0.5866796549601454,23.227376002368715,0.33510321638291124,0.30718474900556453,0.31328294755244857,LJ,deVries,400.0,20.0,1.0
0.66,0.5960812360267733,19.168138181545753,0.34557519189487723,0.31210740534073905,0.2585333284308522,LJ,deVries,400.0,20.0,1.0
0.66,0.5960812360267698,19.168138181544595,0.34557519189487723,0.3121074053407372,0.25853332843083654,LJ,deVries,400.0,20.0,1.0
0.68,0.6036561189189392,15.835004870125683,0.3560471674068432,0.31607360474837765,0.2135771599734059,LJ,deVries,400.0,20.0,1.0
0.7000000000000001,0.6102027837063992,13.262610877033582,0.3665191429188092,0.3195014304153442,0.1788815847030903,LJ,deVries,400.0,20.0,1.0
0.7200000000000001,0.6163075591655155,11.305030022021253,0.3769911184307752,0.32269788337104,0.15247839993232826,LJ,deVries,400.0,20.0,1.0
0.74,0.6223988774518403,9.808026578706366,0.38746309394274114,0.3258872901675392,0.13228732664148277,LJ,deVries,400.0,20.0,1.0
0.76,0.6290435129071766,8.668852437167722,0.3979350694547071,0.32936641315625037,0.11692253327005923,LJ,deVries,400.0,20.0,1.0
0.78,0.6371744156038315,7.832988190681801,0.40840704496667307,0.33362374385272775,0.10564868060301191,LJ,deVries,400.0,20.0,1.0
0.8,0.6476480547282699,7.251740935504689,0.41887902047863906,0.3391077284743422,0.09780901531580571,LJ,deVries,400.0,20.0,1.0
0.8200000000000001,0.6605177253399741,6.855109148269053,0.42935099599060506,0.3458462722489839,0.0924593806697956,LJ,deVries,400.0,20.0,1.0
0.8400000000000001,0.6752737583237124,6.576490490768098,0.43982297150257105,0.35357251305195736,0.08870146697966962,LJ,deVries,400.0,20.0,1.0
0.86,0.69138895861753,6.371199749291143,0.450294947014537,0.3620104121943216,0.08593257528098744,LJ,deVries,400.0,20.0,1.0
0.88,0.7084872587243928,6.212901556472251,0.460766922526503,0.3709630611950872,0.08379750309575779,LJ,deVries,400.0,20.0,1.0
0.9,0.7263215450399503,6.086193154262732,0.47123889803846897,0.3803010716735826,0.08208850326212133,LJ,deVries,400.0,20.0,1.0
0.92,0.7447284162266091,5.981735256338413,0.4817108735504349,0.3899388868895128,0.0806796106625644,LJ,deVries,400.0,20.0,1.0
0.94,0.7635961337881407,5.8935995720502,0.49218284906240084,0.3998180007030653,0.07949086652910967,LJ,deVries,400.0,20.0,1.0
0.96,0.7828451553777239,5.817853429987717,0.5026548245743668,0.40989676483883625,0.07846922832733254,LJ,deVries,400.0,20.0,1.0
0.98,0.8024165736144752,5.751783737075933,0.5131268000863328,0.4201443354643214,0.07757810278059932,LJ,deVries,400.0,20.0,1.0
1.0,0.8222651464113453,5.693454097705361,0.5235987755982988,0.4305370238781363,0.07679137244352549,LJ,deVries,400.0,20.0,1.0
1.02,0.8423549836075687,5.641441413833868,0.5340707511102648,0.44105603803604804,0.07608984305373503,LJ,deVries,400.0,20.0,1.0
1.04,0.862656800189605,5.594673058821776,0.5445427266222308,0.4516860443408235,0.07545904738792787,LJ,deVries,400.0,20.0,1.0
1.06,0.8831461180313961,5.552322646591299,0.5550147021341968,0.46241422607562965,0.07488783943175271,LJ,deVries,400.0,20.0,1.0
1.08,0.9038020578617584,5.513741199592095,0.5654866776461628,0.47322965087963953,0.07436746599673721,LJ,deVries,400.0,20.0,1.0
1.1,0.9246065082190128,5.478410418635175,0.5759586531581288,0.4841228356136935,0.07389093643970136,LJ,deVries,400.0,20.0,1.0
1.12,0.945543541033932,5.445910168109736,0.5864306286700948,0.4950854403602466,0.07345258411442088,LJ,deVries,400.0,20.0,1.0
1.14,0.9665989920823308,5.415895351078373,0.5969026041820606,0.5061100487488581,0.07304775447077651,LJ,deVries,400.0,20.0,1.0
0.005,0.0044525527763101,74.04242917214648,0.020943951023931952,0.018650809455702196,1.0,LJ,deVries,400.0,20.0,2.0
0.01,0.0089107386860271,73.60772935345352,0.041887902047863905,0.03732521492544147,0.9941290443391275,LJ,deVries,400.0,20.0,2.0
0.015,0.0133772189532153,73.05565340030859,0.06283185307179585,0.0560343637185111,0.9866728336324072,LJ,deVries,400.0,20.0,2.0
0.02,0.017855713110429,72.37313531065999,0.08377580409572781,0.07479383617644093,0.977454901464599,LJ,deVries,400.0,20.0,2.0
0.025,0.0223499460351697,71.54926494531871,0.10471975511965977,0.09361923502962326,0.9663278980078944,LJ,deVries,400.0,20.0,2.0
0.025,0.0223499460351697,71.5492649453187,0.10471975511965977,0.09361923502962326,0.9663278980078942,LJ,deVries,400.0,20.0,2.0
0.03,0.0268630501691176,70.5751692528998,0.1256637061435917,0.1125236814190852,0.953171985873324,LJ,deVries,400.0,20.0,2.0
0.03,0.0268630501691176,70.57516925289994,0.1256637061435917,0.1125236814190852,0.9531719858733259,LJ,deVries,400.0,20.0,2.0
0.0349999999999999,0.0313972353618428,69.44382076233785,0.14660765716752325,0.13151643194106,0.9378922536547659,LJ,deVries,400.0,20.0,2.0
0.0349999999999999,0.0313972353618429,69.44382076233808,0.14660765716752325,0.1315164319410604,0.937892253654769,LJ,deVries,400.0,20.0,2.0
0.04,0.0359536130416877,68.14975651748723,0.16755160819145562,0.15060214213570164,0.9204149199243725,LJ,deVries,400.0,20.0,2.0
0.04,0.0359536130416877,68.14975651748722,0.16755160819145562,0.15060214213570164,0.9204149199243724,LJ,deVries,400.0,20.0,2.0
0.045,0.0405321057474336,66.68869558808602,0.18849555921538758,0.169780487534216,0.900682167423718,LJ,deVries,400.0,20.0,2.0
0.045,0.0405321057474336,66.68869558808612,0.18849555921538758,0.169780487534216,0.9006821674237193,LJ,deVries,400.0,20.0,2.0
0.0499999999999999,0.0451313962342276,65.05704773224527,0.20943951023931912,0.18904595047426595,0.8786455071725096,LJ,deVries,400.0,20.0,2.0
0.0499999999999999,0.0451313962342275,65.05704773224511,0.20943951023931912,0.18904595047426556,0.8786455071725074,LJ,deVries,400.0,20.0,2.0
0.055,0.0497488797423572,63.2513085985359,0.2303834612632515,0.20838762016388193,0.8542576102072293,LJ,deVries,400.0,20.0,2.0
0.055,0.0497488797423572,63.251308598536134,0.2303834612632515,0.20838762016388193,0.8542576102072326,LJ,deVries,400.0,20.0,2.0
0.06,0.0543805829862813,61.26733694251465,0.2513274122871834,0.22778885334350857,0.8274625458339554,LJ,deVries,400.0,20.0,2.0
0.06,0.0543805829862813,61.26733694251487,0.2513274122871834,0.22778885334350857,0.8274625458339583,LJ,deVries,400.0,20.0,2.0
0.065,0.0590210053768525,59.09950652274651,0.2722713633111154,0.24722660919920464,0.7981843273313182,LJ,deVries,400.0,20.0,2.0
0.065,0.0590210053768526,59.09950652274719,0.2722713633111154,0.24722660919920506,0.7981843273313274,LJ,deVries,400.0,20.0,2.0
0.07,0.0636628201908997,56.739721987871064,0.2932153143350474,0.2666701976247179,0.766313620747813,LJ,deVries,400.0,20.0,2.0
0.07,0.0636628201908997,56.73972198787149,0.2932153143350474,0.2666701976247179,0.7663136207478187,LJ,deVries,400.0,20.0,2.0
0.075,0.0682963402122819,54.1762928407862,0.31415926535897926,0.2860790409039653,0.7316925369213361,LJ,deVries,400.0,20.0,2.0
0.075,0.0682963402122819,54.17629284078638,0.31415926535897926,0.2860790409039653,0.7316925369213385,LJ,deVries,400.0,20.0,2.0
0.08,0.0729085927001174,51.392697809744064,0.33510321638291124,0.30539879894701233,0.6940979433597126,LJ,deVries,400.0,20.0,2.0
0.08,0.0729085927001174,51.39269780974371,0.33510321638291124,0.30539879894701233,0.6940979433597079,LJ,deVries,400.0,20.0,2.0
0.085,0.077481744719514,48.36641472282853,0.3560471674068432,0.32455477333085986,0.653225660794813,LJ,deVries,400.0,20.0,2.0
0.09,0.0819904554853678,45.0684347813863,0.37699111843077515,0.34344081682308325,0.6086839030713526,LJ,deVries,400.0,20.0,2.0
0.095,0.0863975517656857,41.465345979051605,0.3979350694547071,0.3619012185536294,0.5600214153245282,LJ,deVries,400.0,20.0,2.0
0.095,0.0863975517656854,41.46534597904965,0.3979350694547071,0.3619012185536281,0.5600214153245018,LJ,deVries,400.0,20.0,2.0
0.1,0.0906476177557527,37.52914100241043,0.41887902047863906,0.37970385334251777,0.506859937228103,LJ,deVries,400.0,20.0,2.0
0.1,0.0906476177557527,37.52914100241044,0.41887902047863906,0.37970385334251777,0.5068599372281032,LJ,deVries,400.0,20.0,2.0
0.105,0.0946604201328571,33.266442300578774,0.439822971502571,0.39651264063347624,0.4492889100550074,LJ,deVries,400.0,20.0,2.0
0.105,0.0946604201328568,33.266442300577886,0.439822971502571,0.396512640633475,0.4492889100549953,LJ,deVries,400.0,20.0,2.0
0.11,0.0983351421034425,28.781470221048348,0.460766922526503,0.41190528002917776,0.38871590982154663,LJ,deVries,400.0,20.0,2.0
0.115,0.1015901693006067,24.343994568247876,0.4817108735504349,0.4255399060689724,0.3287843853913653,LJ,deVries,400.0,20.0,2.0
0.115,0.1015901693006065,24.343994568247524,0.4817108735504349,0.42553990606897163,0.3287843853913605,LJ,deVries,400.0,20.0,2.0
0.12,0.1044344279659486,20.32680185933721,0.5026548245743668,0.43745390890623537,0.2745291056304756,LJ,deVries,400.0,20.0,2.0
0.125,0.1069789724019698,16.978329585741527,0.5235987755982988,0.4481124717154847,0.22930541009489852,LJ,deVries,400.0,20.0,2.0
0.13,0.109358009456654,14.315009604299478,0.5445427266222308,0.4580777588269697,0.19333522365963304,LJ,deVries,400.0,20.0,2.0
0.13,0.109358009456654,14.315009604299489,0.5445427266222308,0.4580777588269697,0.19333522365963318,LJ,deVries,400.0,20.0,2.0
0.135,0.1116697551570704,12.2236579574258,0.5654866776461628,0.467761176572831,0.16508990985433708,LJ,deVries,400.0,20.0,2.0
0.14,0.1139796696131279,10.574920543870698,0.5864306286700948,0.47743692362025913,0.1428224419715393,LJ,deVries,400.0,20.0,2.0
0.05,0.0480795979603525,74.05421592506892,0.013404128655316453,0.012889302335129109,1.0,ThreeBody,deVries,400.0,20.0,0.8
0.1,0.0961468007433593,73.59329679940474,0.026808257310632907,0.02577528173922127,0.9937759232218385,ThreeBody,deVries,400.0,20.0,0.8
0.15,0.1442016872692227,73.03771158815009,0.04021238596594936,0.03865795936940739,0.9862735115857905,ThreeBody,deVries,400.0,20.0,0.8
0.2,0.1922460166981391,72.37676219021593,0.053616514621265814,0.051537806825879426,0.9773483019987639,ThreeBody,deVries,400.0,20.0,0.8
0.2,0.1922460166981392,72.37676219021671,0.053616514621265814,0.05153780682587946,0.9773483019987744,ThreeBody,deVries,400.0,20.0,0.8
0.25,0.2402818661033529,71.60000022166284,0.06702064327658226,0.06441538093577727,0.9668592034531923,ThreeBody,deVries,400.0,20.0,0.8
0.25,0.2402818661033529,71.60000022166234,0.06702064327658226,0.06441538093577727,0.9668592034531855,ThreeBody,deVries,400.0,20.0,0.8
0.3,0.2883105799576215,70.69705513586749,0.08042477193189872,0.07729104212881718,0.9546661760270564,ThreeBody,deVries,400.0,20.0,0.8
0.3,0.2883105799576217,70.69705513586821,0.08042477193189872,0.07729104212881725,0.9546661760270662,ThreeBody,deVries,400.0,20.0,0.8
0.35,0.3363319053009951,69.65739728917237,0.09382890058721516,0.09016472259084496,0.9406270314124259,ThreeBody,deVries,400.0,20.0,0.8
0.35,0.336331905300995,69.65739728917212,0.09382890058721516,0.09016472259084493,0.9406270314124225,ThreeBody,deVries,400.0,20.0,0.8
0.4,0.3843431983386066,68.47001696046141,0.10723302924253163,0.10303571356652982,0.9245930985177423,ThreeBody,deVries,400.0,20.0,0.8
0.4,0.3843431983386063,68.47001696045997,0.10723302924253163,0.10303571356652975,0.924593098517723,ThreeBody,deVries,400.0,20.0,0.8
0.45,0.432338586455145,67.1229920735473,0.12063715789784807,0.11590244071004838,0.9064033861551526,ThreeBody,deVries,400.0,20.0,0.8
0.45,0.4323385864551446,67.12299207354604,0.12063715789784807,0.11590244071004827,0.9064033861551357,ThreeBody,deVries,400.0,20.0,0.8
0.5,0.480307947841945,65.60290339704112,0.13404128655316452,0.1287621905408891,0.8858766861217033,ThreeBody,deVries,400.0,20.0,0.8
0.5,0.4803079478419449,65.60290339704102,0.13404128655316452,0.12876219054088908,0.8858766861217019,ThreeBody,deVries,400.0,20.0,0.8
0.55,0.5282355170782236,63.89403291784819,0.14744541520848098,0.1416107366244824,0.8628007483395514,ThreeBody,deVries,400.0,20.0,0.8
0.55,0.5282355170782231,63.89403291784706,0.14744541520848098,0.1416107366244823,0.8628007483395362,ThreeBody,deVries,400.0,20.0,0.8
0.6000000000000001,0.5760978143466484,61.977242603694,0.16084954386379746,0.15444178443098175,0.8369171400910531,ThreeBody,deVries,400.0,20.0,0.8
0.6000000000000001,0.5760978143466468,61.97724260368958,0.16084954386379746,0.1544417844309813,0.8369171400909935,ThreeBody,deVries,400.0,20.0,0.8
0.6500000000000001,0.623860375493762,59.82836531081124,0.17425367251911392,0.16724609472144836,0.8078995174474338,ThreeBody,deVries,400.0,20.0,0.8
0.6500000000000001,0.6238603754937615,59.82836531081003,0.17425367251911392,0.16724609472144822,0.8078995174474174,ThreeBody,deVries,400.0,20.0,0.8
0.7000000000000001,0.6714723112475747,57.41582590196735,0.18765780117443034,0.18001002496890367,0.7753215017503262,ThreeBody,deVries,400.0,20.0,0.8
0.7500000000000001,0.7188567662410641,54.697010716609945,0.20106192982974683,0.19271297158879935,0.7386076543157869,ThreeBody,deVries,400.0,20.0,0.8
0.8,0.7658931760380026,51.61255779325083,0.21446605848506325,0.20532261335684637,0.6969563737664108,ThreeBody,deVries,400.0,20.0,0.8
0.8500000000000001,0.8123819304488852,48.07721070625645,0.2278701871403797,0.217785438259824,0.6492163897178108,ThreeBody,deVries,400.0,20.0,0.8
0.8500000000000001,0.8123819304488806,48.07721070625037,0.2278701871403797,0.21778543825982277,0.6492163897177287,ThreeBody,deVries,400.0,20.0,0.8
0.9000000000000001,0.8579682171814548,43.96555299902992,0.24127431579569616,0.23000632730545414,0.593694125983537,ThreeBody,deVries,400.0,20.0,0.8
0.9000000000000001,0.8579682171814539,43.96555299902891,0.24127431579569616,0.2300063273054539,0.5936941259835233,ThreeBody,deVries,400.0,20.0,0.8
0.95,0.9019641838285708,39.09445057634766,0.25467844445101256,0.24180087925051325,0.5279166093110084,ThreeBody,deVries,400.0,20.0,0.8
1.0,0.942921300497226,33.23628089258988,0.26808257310632905,0.25278076847406244,0.4488101113138475,ThreeBody,deVries,400.0,20.0,0.8
1.05,0.9778816104356176,26.376446930283873,0.28148670176164553,0.2621530183189412,0.35617751941324505,ThreeBody,deVries,400.0,20.0,0.8
1.05,0.9778816104356114,26.376446930281464,0.28148670176164553,0.26215301831893956,0.3561775194132125,ThreeBody,deVries,400.0,20.0,0.8
1.1,1.003431118711389,19.574448640723812,0.29489083041696196,0.26900239623911143,0.26432591846668174,ThreeBody,deVries,400.0,20.0,0.8
1.1,1.0034311187113898,19.57444864072407,0.29489083041696196,0.2690023962391117,0.26432591846668524,ThreeBody,deVries,400.0,20.0,0.8
1.15,1.0211854123324342,14.481206323934302,0.3082949590722784,0.2737620129567266,0.19554870905104144,ThreeBody,deVries,400.0,20.0,0.8
1.2000000000000002,1.035788560278201,11.174256972269632,0.3216990877275949,0.27767686243348016,0.15089292125618076,ThreeBody,deVries,400.0,20.0,0.8
1.2000000000000002,1.0357885602781975,11.17425697226937,0.3216990877275949,0.2776768624334792,0.15089292125617723,ThreeBody,deVries,400.0,20.0,0.8
1.2500000000000002,1.0496337683039962,8.996185136918037,0.33510321638291135,0.2813885214262277,0.12148106660153886,ThreeBody,deVries,400.0,20.0,0.8
1.2500000000000002,1.049633768303997,8.996185136918069,0.33510321638291135,0.2813885214262279,0.12148106660153929,ThreeBody,deVries,400.0,20.0,0.8
1.3,1.0635212047150446,7.482256197582666,0.3485073450382278,0.2851115011131521,0.10103754531887177,ThreeBody,deVries,400.0,20.0,0.8
1.3,1.0635212047150455,7.482256197582709,0.3485073450382278,0.2851115011131523,0.10103754531887235,ThreeBody,deVries,400.0,20.0,0.8
1.35,1.077723153386071,6.375865168404155,0.36191147369354426,0.28891879605600485,0.08609726115870993,ThreeBody,deVries,400.0,20.0,0.8
1.35,1.0777231533860676,6.375865168404067,0.36191147369354426,0.28891879605600396,0.08609726115870875,ThreeBody,deVries,400.0,20.0,0.8
1.4,1.092344149755311,5.534026685419236,0.37531560234886063,0.292838430384049,0.07472939408363719,ThreeBody,deVries,400.0,20.0,0.8
1.4500000000000002,1.1074290692490545,4.872737235559935,0.38871973100417717,0.2968824344170336,0.06579959256459308,ThreeBody,deVries,400.0,20.0,0.8
1.5000000000000002,1.1229986899165814,4.3398929544518055,0.40212385965949365,0.3010563783878737,0.05860426581037718,ThreeBody,deVries,400.0,20.0,0.8
1.55,1.1390628358175257,3.9016021403340977,0.41552798831481,0.3053628959557543,0.0526857531552545,ThreeBody,deVries,400.0,20.0,0.8
1.6,1.155625777534244,3.534913472439378,0.4289321169701265,0.3098031319893823,0.04773412868237168,ThreeBody,deVries,400.0,20.0,0.8
1.65,1.172688667853118,3.2237469963918843,0.4423362456254429,0.31437739553069716,0.04353225479632116,ThreeBody,deVries,400.0,20.0,0.8
1.7000000000000002,1.1902507372085147,2.956507049534382,0.4557403742807594,0.31908548027256367,0.03992354807356136,ThreeBody,deVries,400.0,20.0,0.8
1.7500000000000002,1.2083099299003917,2.7246224624285538,0.4691445029360759,0.32392683511762504,0.03679226669802889,ThreeBody,deVries,400.0,20.0,0.8
1.8,1.2268632712932317,2.5216208927146107,0.4825486315913923,0.32890066261793777,0.03405101061722252,ThreeBody,deVries,400.0,20.0,0.8
1.85,1.2459070978652784,2.3425230053545576,0.49595276024670876,0.33400598064716275,0.03163254078234814,ThreeBody,deVries,400.0,20.0,0.8
1.9,1.2654372133593548,2.183434846060728,0.5093568889020251,0.3392416642618785,0.029484274713947635,ThreeBody,deVries,400.0,20.0,0.8
1.95,1.2854490027949748,2.0412667906037827,0.5227610175573416,0.3446064762662416,0.02756449130012017,ThreeBody,deVries,400.0,20.0,0.8
2.0,1.305937520927524,1.9135355247293375,0.5361651462126581,0.35009909092635105,0.02583965680854053,ThreeBody,deVries,400.0,20.0,0.8
2.05,1.326897564123076,1.79822180426592,0.5495692748679745,0.35571811323863445,0.02428250413299135,ThreeBody,deVries,400.0,20.0,0.8
2.1,1.3483237306619853,1.693666496968468,0.5629734035232911,0.36146209509619,0.022870628981909537,ThreeBody,deVries,400.0,20.0,0.8
2.15,1.3702104723737292,1.598493406403085,0.5763775321786074,0.3673295491311879,0.021585447721443784,ThreeBody,deVries,400.0,20.0,0.8
2.1999999999999997,1.3925521393553326,1.5115511607965175,0.5897816608339238,0.3733189607031009,0.020411412664553315,ThreeBody,deVries,400.0,20.0,0.8
0.02,0.0190376222956629,74.19886837871672,0.010471975511965976,0.00996807572431197,1.0,ThreeBody,deVries,400.0,20.0,1.0
0.04,0.0380729088149174,73.92715270942811,0.020943951023931952,0.019934928438956428,0.9963380079073207,ThreeBody,deVries,400.0,20.0,1.0
0.06,0.0571060538548365,73.61239792202755,0.03141592653589793,0.029900659877642902,0.9920959649452363,ThreeBody,deVries,400.0,20.0,1.0
0.08,0.076137885957891,73.25080106901152,0.041887902047863905,0.03986570386419464,0.98722261767031,ThreeBody,deVries,400.0,20.0,1.0
0.1,0.0951695920559889,72.83874067016524,0.05235987755982988,0.04983068187470538,0.9816691583271959,ThreeBody,deVries,400.0,20.0,1.0
0.12,0.1142025030196217,72.37276353931588,0.06283185307179585,0.05979629075133495,0.9753890473089123,ThreeBody,deVries,400.0,20.0,1.0
0.1399999999999999,0.1332379264514702,71.8495664524103,0.07330382858376178,0.06976321515324599,0.9683377660921269,ThreeBody,deVries,400.0,20.0,1.0
0.1399999999999999,0.1332379264514703,71.84956645241098,0.07330382858376178,0.06976321515324604,0.968337766092136,ThreeBody,deVries,400.0,20.0,1.0
0.16,0.1522770148988459,71.2659718202277,0.08377580409572781,0.07973205855279962,0.9604724893711412,ThreeBody,deVries,400.0,20.0,1.0
0.18,0.1713206596424673,70.61889654895649,0.09424777960769379,0.08970328762348875,0.9517516653827146,ThreeBody,deVries,400.0,20.0,1.0
0.1999999999999999,0.1903694017675776,69.9053131786879,0.10471975511965971,0.09967718567688426,0.9421344921580989,ThreeBody,deVries,400.0,20.0,1.0
0.22,0.2094233533007462,69.1222021899062,0.11519173063162574,0.10965381136996066,0.9315802747435604,ThreeBody,deVries,400.0,20.0,1.0
0.24,0.2284821217768031,68.26649405228898,0.1256637061435917,0.11963295920843552,0.9200476441749966,ThreeBody,deVries,400.0,20.0,1.0
0.24,0.2284821217768032,68.2664940522893,0.1256637061435917,0.11963295920843556,0.9200476441750011,ThreeBody,deVries,400.0,20.0,1.0
0.26,0.2475447316438875,67.33499913270794,0.1361356816555577,0.12961411839454895,0.9074936128274211,ThreeBody,deVries,400.0,20.0,1.0
0.26,0.2475447316438872,67.33499913270661,0.1361356816555577,0.1296141183945488,0.9074936128274033,ThreeBody,deVries,400.0,20.0,1.0
0.28,0.2666095353365209,66.32432293630592,0.1466076571675237,0.1395964262650337,0.8938724320939975,ThreeBody,deVries,400.0,20.0,1.0
0.28,0.2666095353365205,66.32432293630376,0.1466076571675237,0.13959642626503352,0.8938724320939683,ThreeBody,deVries,400.0,20.0,1.0
0.3,0.2856741054870029,65.23076325757394,0.15707963267948963,0.14957861185313398,0.8791342062608167,ThreeBody,deVries,400.0,20.0,1.0
0.3,0.2856741054870025,65.23076325757197,0.15707963267948963,0.14957861185313376,0.8791342062607901,ThreeBody,deVries,400.0,20.0,1.0
0.32,0.3047350973194596,64.05018456749345,0.16755160819145562,0.15955892383829748,0.863223199585422,ThreeBody,deVries,400.0,20.0,1.0
0.32,0.3047350973194594,64.05018456749258,0.16755160819145562,0.15955892383829737,0.8632231995854104,ThreeBody,deVries,400.0,20.0,1.0
0.34,0.3237880662873106,62.77786321294262,0.1780235837034216,0.16953503506137665,0.8460757500036198,ThreeBody,deVries,400.0,20.0,1.0
0.34,0.3237880662873105,62.77786321294235,0.1780235837034216,0.1695350350613766,0.8460757500036161,ThreeBody,deVries,400.0,20.0,1.0
0.36,0.3428272196346775,61.40829454945662,0.18849555921538758,0.1795039124424862,0.8276176698008919,ThreeBody,deVries,400.0,20.0,1.0
0.36,0.3428272196346776,61.408294549457125,0.18849555921538758,0.17950391244248626,0.8276176698008988,ThreeBody,deVries,400.0,20.0,1.0
0.38,0.3618450703437382,59.934949679812554,0.19896753472735354,0.1894616357882616,0.8077609671066676,ThreeBody,deVries,400.0,20.0,1.0
0.38,0.3618450703437384,59.93494967981316,0.19896753472735354,0.18946163578826175,0.8077609671066757,ThreeBody,deVries,400.0,20.0,1.0
0.4,0.380831945361098,58.349964647832294,0.20943951023931953,0.19940314029978914,0.7863996570676738,ThreeBody,deVries,400.0,20.0,1.0
0.4,0.3808319453610982,58.34996464783293,0.20943951023931953,0.19940314029978926,0.7863996570676822,ThreeBody,deVries,400.0,20.0,1.0
0.42,0.3997752726122899,56.643738294627305,0.2199114857512855,0.2093218432542711,0.7634043420381199,ThreeBody,deVries,400.0,20.0,1.0
0.42,0.3997752726122895,56.64373829462616,0.2199114857512855,0.20932184325427092,0.7634043420381045,ThreeBody,deVries,400.0,20.0,1.0
0.44,0.4186585250049512,54.80440620006767,0.2303834612632515,0.21920909108638223,0.7386151217339565,ThreeBody,deVries,400.0,20.0,1.0
0.46,0.4374596193341941,52.81714767159811,0.24085543677521745,0.2290533210570819,0.7118322533170631,ThreeBody,deVries,400.0,20.0,1.0
0.46,0.4374596193341943,52.817147671598754,0.24085543677521745,0.22905332105708204,0.7118322533170718,ThreeBody,deVries,400.0,20.0,1.0
0.48,0.4561484252964126,50.663274018149465,0.2513274122871834,0.2388387569762937,0.6828038637942593,ThreeBody,deVries,400.0,20.0,1.0
0.48,0.4561484252964105,50.663274018144726,0.2513274122871834,0.2388387569762926,0.6828038637941954,ThreeBody,deVries,400.0,20.0,1.0
0.5,0.4746827806204996,48.31905239542278,0.2617993877991494,0.24854332273048949,0.6512100986338313,ThreeBody,deVries,400.0,20.0,1.0
0.5,0.4746827806204998,48.31905239542321,0.2617993877991494,0.24854332273048957,0.651210098633837,ThreeBody,deVries,400.0,20.0,1.0
0.52,0.4930019322435961,45.75428350352816,0.2722713633111154,0.2581352080903424,0.6166439529777568,ThreeBody,deVries,400.0,20.0,1.0
0.52,0.493001932243596,45.754283503528015,0.2722713633111154,0.25813520809034235,0.6166439529777549,ThreeBody,deVries,400.0,20.0,1.0
0.54,0.511015463837527,42.93090954809981,0.2827433388230814,0.2675670711771259,0.5785925107237101,ThreeBody,deVries,400.0,20.0,1.0
0.56,0.5285843683679743,39.80279829172825,0.2932153143350474,0.2767661280778715,0.5364340341226191,ThreeBody,deVries,400.0,20.0,1.0
0.56,0.5285843683679711,39.802798291723896,0.2932153143350474,0.2767661280778698,0.5364340341225604,ThreeBody,deVries,400.0,20.0,1.0
0.5800000000000001,0.5454895470061975,36.32052585003939,0.3036872898470134,0.28561765891411567,0.4895024229299109,ThreeBody,deVries,400.0,20.0,1.0
0.6,0.5613867894419557,32.45215044684406,0.31415926535897926,0.29394143558886804,0.4373671884213353,ThreeBody,deVries,400.0,20.0,1.0
0.62,0.5757789671733184,28.242973444240416,0.32463124087094525,0.3014771622272026,0.38063887039470884,ThreeBody,deVries,400.0,20.0,1.0
0.62,0.5757789671733137,28.24297344423724,0.32463124087094525,0.3014771622272001,0.38063887039466604,ThreeBody,deVries,400.0,20.0,1.0
0.64,0.5881343631072519,23.919653808683627,0.33510321638291124,0.3079464324102424,0.32237221848985453,ThreeBody,deVries,400.0,20.0,1.0
0.66,0.5982842378896445,19.902548129883723,0.34557519189487723,0.3132608944187792,0.2682325022573065,ThreeBody,deVries,400.0,20.0,1.0
0.68,0.6066908492567195,16.54691705421157,0.3560471674068432,0.3176625858375104,0.22300767404908162,ThreeBody,deVries,400.0,20.0,1.0
0.68,0.6066908492567128,16.546917054209946,0.3560471674068432,0.3176625858375069,0.22300767404905975,ThreeBody,deVries,400.0,20.0,1.0
0.7000000000000001,0.6140741091514992,13.919739133420176,0.3665191429188092,0.3215284516783411,0.18760042353170076,ThreeBody,deVries,400.0,20.0,1.0
0.7200000000000001,0.6209753826904816,11.898507622538236,0.3769911184307752,0.32514195005342117,0.160359691226116,ThreeBody,deVries,400.0,20.0,1.0
0.7200000000000001,0.6209753826904754,11.898507622537409,0.3769911184307752,0.32514195005341795,0.16035969122610486,ThreeBody,deVries,400.0,20.0,1.0
0.74,0.6276978126121479,10.329757986763957,0.38746309394274114,0.328661806129451,0.13921719040295977,ThreeBody,deVries,400.0,20.0,1.0
0.76,0.6343960598506168,9.090005494104096,0.3979350694547071,0.33216900018216805,0.12250868096408168,ThreeBody,deVries,400.0,20.0,1.0
0.76,0.6343960598506165,9.09000549410408,0.3979350694547071,0.3321690001821679,0.12250868096408146,ThreeBody,deVries,400.0,20.0,1.0
0.78,0.6411489151580854,8.090939528255753,0.40840704496667307,0.3357047869529511,0.10904397472693217,ThreeBody,deVries,400.0,20.0,1.0
0.78,0.6411489151580854,8.090939528255753,0.40840704496667307,0.3357047869529511,0.10904397472693217,ThreeBody,deVries,400.0,20.0,1.0
0.8,0.6479977783455555,7.271054158941141,0.41887902047863906,0.3392908433321507,0.09799413815624683,ThreeBody,deVries,400.0,20.0,1.0
0.8,0.6479977783455549,7.271054158941108,0.41887902047863906,0.33929084333215037,0.09799413815624639,ThreeBody,deVries,400.0,20.0,1.0
0.8200000000000001,0.6549652142462077,6.587279650804175,0.42935099599060506,0.3429389842387918,0.08877870774500486,ThreeBody,deVries,400.0,20.0,1.0
0.8200000000000001,0.6549652142462078,6.58727965080418,0.42935099599060506,0.3429389842387919,0.08877870774500493,ThreeBody,deVries,400.0,20.0,1.0
0.8400000000000001,0.6620639022821971,6.008954119123067,0.43982297150257105,0.3466558486027902,0.08098444424317772,ThreeBody,deVries,400.0,20.0,1.0
0.86,0.6693010911203936,5.513815220639036,0.450294947014537,0.3504452318172435,0.07431131149461875,ThreeBody,deVries,400.0,20.0,1.0
0.88,0.6766809085038592,5.085377148412211,0.460766922526503,0.3543092951633651,0.0685371254242862,ThreeBody,deVries,400.0,20.0,1.0
0.9,0.6842056105211752,4.711202634938727,0.47123889803846897,0.3582492199263739,0.06349426531537362,ThreeBody,deVries,400.0,20.0,1.0
0.92,0.6918762853055549,4.3817470878861,0.4817108735504349,0.36226557585148783,0.05905409588622466,ThreeBody,deVries,400.0,20.0,1.0
0.94,0.6996932649615873,4.089571255688257,0.49218284906240084,0.3663585368282632,0.05511635615269455,ThreeBody,deVries,400.0,20.0,1.0
0.96,0.707656375637198,3.8287948226740345,0.5026548245743668,0.3705280118279667,0.051601795368786105,ThreeBody,deVries,400.0,20.0,1.0
0.98,0.7157650947110273,3.594710286819912,0.5131268000863328,0.37477372720669433,0.04844696914341381,ThreeBody,deVries,400.0,20.0,1.0
1.0,0.7240186529721337,3.383505404993839,0.5235987755982988,0.3790952802065388,0.045600498753217734,ThreeBody,deVries,400.0,20.0,1.0
1.02,0.7324161032512677,3.1920604814057594,0.5340707511102648,0.383492174890841,0.0430203391393146,ThreeBody,deVries,400.0,20.0,1.0
1.04,0.740956368013091,3.017798122277165,0.5445427266222308,0.3879638470634169,0.040671754006733514,ThreeBody,deVries,400.0,20.0,1.0
1.06,0.7496382733943948,2.858570353670337,0.5550147021341968,0.3925096820909279,0.038525794478157994,ThreeBody,deVries,400.0,20.0,1.0
1.08,0.7584605742761128,2.7125727408380755,0.5654866776461628,0.3971290280305552,0.036558141655111176,ThreeBody,deVries,400.0,20.0,1.0
1.1,0.7674219732647701,2.578278289511775,0.5759586531581288,0.4018212055686641,0.03474821578614979,ThreeBody,deVries,400.0,20.0,1.0
1.12,0.7765211354242404,2.4543860251214964,0.5864306286700948,0.40658551573433305,0.033078483253870146,ThreeBody,deVries,400.0,20.0,1.0
1.14,0.7857566999604839,2.339780592116494,0.5969026041820606,0.4114212460174692,0.03153391208305326,ThreeBody,deVries,400.0,20.0,1.0
0.005,0.0044529483828338,74.09966284109028,0.020943951023931952,0.01865246656843362,1.0,ThreeBody,deVries,400.0,20.0,2.0
0.01,0.0089115384074488,73.66593516498894,0.041887902047863905,0.037328564790699244,0.9941466983860441,ThreeBody,deVries,400.0,20.0,2.0
0.015,0.0133784384816744,73.11511412052795,0.06283185307179585,0.056039472067375036,0.9867131821817633,ThreeBody,deVries,400.0,20.0,2.0
0.02,0.0178573764741422,72.43418681760296,0.08377580409572781,0.07480080365806978,0.9775238380360921,ThreeBody,deVries,400.0,20.0,2.0
0.025,0.0223520874302489,71.61230328546506,0.10471975511965977,0.0936282048843556,0.9664322419258579,ThreeBody,deVries,400.0,20.0,2.0
0.03,0.0268657165228569,70.64066083038162,0.1256637061435917,0.11253485021551088,0.9533195985233208,ThreeBody,deVries,400.0,20.0,2.0
0.0349999999999999,0.0314004898382149,69.5123164995704,0.14660765716752325,0.13153006425980915,0.9380922103335663,ThreeBody,deVries,400.0,20.0,2.0
0.04,0.0359575398799408,68.22191124123891,0.16755160819145562,0.15061859083731202,0.9206777551409857,ThreeBody,deVries,400.0,20.0,2.0
0.045,0.0405368170710091,66.76529450611945,0.18849555921538758,0.16980022228026065,0.9010202198800866,ThreeBody,deVries,400.0,20.0,2.0
0.045,0.0405368170710091,66.76529450611946,0.18849555921538758,0.16980022228026065,0.9010202198800868,ThreeBody,deVries,400.0,20.0,2.0
0.0499999999999999,0.045137041848267,65.13904278190697,0.20943951023931912,0.1890695987670542,0.8790734030949678,ThreeBody,deVries,400.0,20.0,2.0
0.0499999999999999,0.0451370418482669,65.13904278190697,0.20943951023931912,0.1890695987670538,0.8790734030949678,ThreeBody,deVries,400.0,20.0,2.0
0.055,0.0497556615684812,63.33986884743052,0.2303834612632515,0.20841602781072072,0.8547929426246572,ThreeBody,deVries,400.0,20.0,2.0
0.055,0.0497556615684813,63.33986884743127,0.2303834612632515,0.20841602781072113,0.8547929426246672,ThreeBody,deVries,400.0,20.0,2.0
0.06,0.0543887768707921,61.36391938887227,0.2513274122871834,0.22782317580668654,0.8281268366965403,ThreeBody,deVries,400.0,20.0,2.0
0.06,0.054388776870792,61.3639193888716,0.2513274122871834,0.22782317580668612,0.8281268366965313,ThreeBody,deVries,400.0,20.0,2.0
0.065,0.0590309949489067,59.20595703209395,0.2722713633111154,0.24726845342077527,0.7990044051760872,ThreeBody,deVries,400.0,20.0,2.0
0.065,0.0590309949489067,59.205957032093984,0.2722713633111154,0.24726845342077527,0.7990044051760876,ThreeBody,deVries,400.0,20.0,2.0
0.07,0.0636751510230364,56.85842138893554,0.2932153143350474,0.266721848893589,0.7673236180692309,ThreeBody,deVries,400.0,20.0,2.0
0.07,0.0636751510230363,56.85842138893492,0.2932153143350474,0.2667218488935885,0.7673236180692226,ThreeBody,deVries,400.0,20.0,2.0
0.075,0.0683118093381508,54.310371229256745,0.31415926535897926,0.2861438378268816,0.7329368197764615,ThreeBody,deVries,400.0,20.0,2.0
0.08,0.0729284018686554,51.54635123966878,0.33510321638291124,0.30548177539814925,0.6956354356188099,ThreeBody,deVries,400.0,20.0,2.0
0.08,0.0729284018686555,51.54635123966934,0.33510321638291124,0.30548177539814964,0.6956354356188176,ThreeBody,deVries,400.0,20.0,2.0
0.085,0.0775077724073349,48.545369542049784,0.3560471674068432,0.3246637978546573,0.6551361731045564,ThreeBody,deVries,400.0,20.0,2.0
0.09,0.0820257557901778,45.28059715951162,0.37699111843077515,0.34358868239409734,0.6110769661208539,ThreeBody,deVries,400.0,20.0,2.0
0.095,0.0864472869679255,41.72157081958865,0.3979350694547071,0.3621095488816045,0.5630467025074357,ThreeBody,deVries,400.0,20.0,2.0
0.095,0.0864472869679256,41.72157081958881,0.3979350694547071,0.36210954888160496,0.5630467025074379,ThreeBody,deVries,400.0,20.0,2.0
0.1,0.090720764888817,37.84359661624345,0.41887902047863906,0.3800102513370058,0.5107121296543626,ThreeBody,deVries,400.0,20.0,2.0
0.1,0.0907207648888171,37.84359661624363,0.41887902047863906,0.38001025133700617,0.510712129654365,ThreeBody,deVries,400.0,20.0,2.0
0.105,0.0947725025531395,33.654633041555485,0.439822971502571,0.39698213037768393,0.454180650102676,ThreeBody,deVries,400.0,20.0,2.0
0.105,0.0947725025531396,33.65463304155554,0.439822971502571,0.3969821303776843,0.4541806501026767,ThreeBody,deVries,400.0,20.0,2.0
0.11,0.09851079671472,29.251761287765657,0.460766922526503,0.41264106034432246,0.3947624073607088,ThreeBody,deVries,400.0,20.0,2.0
0.11,0.0985107967147199,29.251761287765326,0.460766922526503,0.4126410603443221,0.39476240736070434,ThreeBody,deVries,400.0,20.0,2.0
0.115,0.1018605560778945,24.88263440771364,0.4817108735504349,0.4266724995531793,0.33579956309754677,ThreeBody,deVries,400.0,20.0,2.0
0.12,0.1048262995470694,20.8958612161347,0.5026548245743668,0.43909537674676835,0.2819967111179267,ThreeBody,deVries,400.0,20.0,2.0
0.125,0.1075071159349754,17.539332672602875,0.5235987755982988,0.45032475417325984,0.23669922372274058,ThreeBody,deVries,400.0,20.0,2.0
0.13,0.1100291202425748,14.846825634283162,0.5445427266222308,0.4608889011133613,0.2003629310179559,ThreeBody,deVries,400.0,20.0,2.0
0.135,0.1124866581041709,12.718991387626527,0.5654866776461628,0.4711830116359067,0.17164708852863364,ThreeBody,deVries,400.0,20.0,2.0
0.14,0.1149350130709582,11.029458760123005,0.5864306286700948,0.4814386569386255,0.14884627456100744,ThreeBody,deVries,400.0,20.0,2.0
