lineage_name,whole,ensemble_long,ensemble,space,epsilon_small,epsilon_large,dcyl,dmon_large,nmon_large,mmon_large,nmon_small,dcrowd,ncrowd,lcyl,dt,bdump,adump,ensemble_id,dmon_small,mmon_small,eps_others,mcrowd,dwall,phi_m_bulk,rho_m_bulk,phi_c_bulk,rho_c_bulk,n_frames,asphericityMon-mean,asphericityMon-var,asphericityMon-sem,fsdMon-mean,fsdMon-var,fsdMon-sem,gyrMon-mean,gyrMon-var,gyrMon-sem,shapeMon-mean,shapeMon-var,shapeMon-sem
epss5epsl5r10.5al1nl5ml1ns400ac1nc0lz65.5dt0.005bdump2000adump5000ens1.ring,epss5epsl5r10.5al1nl5ml1ns400ac1nc0lz65.5dt0.005bdump2000adump5000ens1.ring,epss5epsl5r10.5al1nl5ml1ns400ac1nc0lz65.5dt0.005bdump2000adump5000,ns400nl5al1.0D20.0ac1.0nc0,ns400nl5al1.0D20.0ac1.0,5.0,5.0,20.0,1.0,5,1,400,1.0,0,131.0,0.005,2000,5000,1,1.0,1.0,1.0,1.0,1.0,0.0051526717557251,0.0098408781606439,0.0,0.0,50001,0.5520059418516614,0.01574938177451859,0.0005612375927273331,40.00565013430414,33.674531177763846,0.02595169789349585,12.170533193816544,2.7664629237786142,0.007438363964983986,0.8255146217927718,0.07538184861848157,0.001227858693974853
epss5epsl5r10.5al1nl5ml1ns400ac1nc0lz65.5dt0.005bdump2000adump5000ens2.ring,epss5epsl5r10.5al1nl5ml1ns400ac1nc0lz65.5dt0.005bdump2000adump5000ens2.ring,epss5epsl5r10.5al1nl5ml1ns400ac1nc0lz65.5dt0.005bdump2000adump5000,ns400nl5al1.0D20.0ac1.0nc0,ns400nl5al1.0D20.0ac1.0,5.0,5.0,20.0,1.0,5,1,400,1.0,0,131.0,0.005,2000,5000,2,1.0,1.0,1.0,1.0,1.0,0.0051526717557251,0.0098408781606439,0.0,0.0,50001,0.5621306040085455,0.015134385347369194,0.0005501706162159007,40.432972829801216,34.70206674500155,0.026344664258631786,12.309416868386892,2.8621988801551077,0.00756597499355517,0.8477048171919951,0.07383473419988583,0.001215193270224007
epss5epsl5r10.5al1nl5ml1ns400ac1nc0lz65.5dt0.005bdump2000adump5000ens3.ring,epss5epsl5r10.5al1nl5ml1ns400ac1nc0lz65.5dt0.005bdump2000adump5000ens3.ring,epss5epsl5r10.5al1nl5ml1ns400ac1nc0lz65.5dt0.005bdump2000adump5000,ns400nl5al1.0D20.0ac1.0nc0,ns400nl5al1.0D20.0ac1.0,5.0,5.0,20.0,1.0,5,1,400,1.0,0,131.0,0.005,2000,5000,3,1.0,1.0,1.0,1.0,1.0,0.0051526717557251,0.0098408781606439,0.0,0.0,50001,0.5541576346631629,0.015455938665063696,0.0005559845081486299,40.06010131647495,34.10784615588515,0.026118133989963814,12.191998452555158,2.8337564648321836,0.007528288603437283,0.8300424606053158,0.07488540655246162,0.001223808862138705
epss5epsl5r10.5al1nl5ml1ns400ac1nc0lz65.5dt0.005bdump2000adump5000ens4.ring,epss5epsl5r10.5al1nl5ml1ns400ac1nc0lz65.5dt0.005bdump2000adump5000ens4.ring,epss5epsl5r10.5al1nl5ml1ns400ac1nc0lz65.5dt0.005bdump2000adump5000,ns400nl5al1.0D20.0ac1.0nc0,ns400nl5al1.0D20.0ac1.0,5.0,5.0,20.0,1.0,5,1,400,1.0,0,131.0,0.005,2000,5000,4,1.0,1.0,1.0,1.0,1.0,0.0051526717557251,0.0098408781606439,0.0,0.0,50001,0.5505446239777476,0.01597208406596375,0.0005651917208516726,39.9329285286624,34.70739456816424,0.026346686534805184,12.14187345183569,2.83158753412945,0.007525407011091759,0.8225512586568803,0.07653332872663207,0.00123720110512909
epss5epsl5r10.5al1nl5ml1ns400ac1nc0lz65.5dt0.005bdump2000adump5000ens5.ring,epss5epsl5r10.5al1nl5ml1ns400ac1nc0lz65.5dt0.005bdump2000adump5000ens5.ring,epss5epsl5r10.5al1nl5ml1ns400ac1nc0lz65.5dt0.005bdump2000adump5000,ns400nl5al1.0D20.0ac1.0nc0,ns400nl5al1.0D20.0ac1.0,5.0,5.0,20.0,1.0,5,1,400,1.0,0,131.0,0.005,2000,5000,5,1.0,1.0,1.0,1.0,1.0,0.0051526717557251,0.0098408781606439,0.0,0.0,50001,0.5506917289299106,0.016035315327937463,0.0005663093735395426,39.92192933824582,35.07678319929411,0.026486518532753266,12.144692390859912,2.8545380862666505,0.007555842886490759,0.8228894642955801,0.07725206354146145,0.00124299689091696
epss5epsl5r10.5al1nl5ml1ns400ac1nc0lz65.5dt0.005bdump2000adump5000ens6.ring,epss5epsl5r10.5al1nl5ml1ns400ac1nc0lz65.5dt0.005bdump2000adump5000ens6.ring,epss5epsl5r10.5al1nl5ml1ns400ac1nc0lz65.5dt0.005bdump2000adump5000,ns400nl5al1.0D20.0ac1.0nc0,ns400nl5al1.0D20.0ac1.0,5.0,5.0,20.0,1.0,5,1,400,1.0,0,131.0,0.005,2000,5000,6,1.0,1.0,1.0,1.0,1.0,0.0051526717557251,0.0098408781606439,0.0,0.0,50001,0.5542366689488618,0.015296474818746604,0.000553108937167835,40.0401155996274,33.63308297166422,0.025935721687149648,12.18600813984716,2.798946445823194,0.007481906770099711,0.8298838414748826,0.07447903301649642,0.001220483781264597
epss5epsl5r10.5al1nl5ml1ns400ac1nc0lz65.5dt0.005bdump2000adump5000ens7.ring,epss5epsl5r10.5al1nl5ml1ns400ac1nc0lz65.5dt0.005bdump2000adump5000ens7.ring,epss5epsl5r10.5al1nl5ml1ns400ac1nc0lz65.5dt0.005bdump2000adump5000,ns400nl5al1.0D20.0ac1.0nc0,ns400nl5al1.0D20.0ac1.0,5.0,5.0,20.0,1.0,5,1,400,1.0,0,131.0,0.005,2000,5000,7,1.0,1.0,1.0,1.0,1.0,0.0051526717557251,0.0098408781606439,0.0,0.0,50001,0.5499166529784455,0.015909318742685537,0.0005640801138612411,39.910158034670424,34.63550682633623,0.026319387084936547,12.143443489886128,2.873360319880777,0.007580712789547929,0.8208791792321759,0.07656335531054773,0.0012374437790101636
epss5epsl5r10.5al1nl5ml1ns400ac1nc0lz65.5dt0.005bdump2000adump5000ens8.ring,epss5epsl5r10.5al1nl5ml1ns400ac1nc0lz65.5dt0.005bdump2000adump5000ens8.ring,epss5epsl5r10.5al1nl5ml1ns400ac1nc0lz65.5dt0.005bdump2000adump5000,ns400nl5al1.0D20.0ac1.0nc0,ns400nl5al1.0D20.0ac1.0,5.0,5.0,20.0,1.0,5,1,400,1.0,0,131.0,0.005,2000,5000,8,1.0,1.0,1.0,1.0,1.0,0.0051526717557251,0.0098408781606439,0.0,0.0,50001,0.5507250019932284,0.015226101063471992,0.0005518351395747102,39.907770167922756,33.74674169689073,0.02597950796181126,12.142389104251844,2.730946821662452,0.007390462531753276,0.8221099111249122,0.07357023241431405,0.0012130146941757472
epss5epsl5r10.5al1nl5ml1ns400ac1nc7860lz65.5dt0.005bdump2000adump5000ens1.ring,epss5epsl5r10.5al1nl5ml1ns400ac1nc7860lz65.5dt0.005bdump2000adump5000ens1.ring,epss5epsl5r10.5al1nl5ml1ns400ac1nc7860lz65.5dt0.005bdump2000adump5000,ns400nl5al1.0D20.0ac1.0nc7860,ns400nl5al1.0D20.0ac1.0,5.0,5.0,20.0,1.0,5,1,400,1.0,7860,131.0,0.005,2000,5000,1,1.0,1.0,1.0,1.0,1.0,0.0051526717557251,0.0098408781606439,0.0999999999999999,0.1909859317102744,50001,0.49756147499706993,0.020019228242931883,0.0006327594842107369,36.89029672840534,35.373427155992346,0.02659828083015605,11.354614977516821,2.780419100708017,0.007457102789566491,0.708543703213359,0.08735228848775035,0.0013217585898169936
epss5epsl5r10.5al1nl5ml1ns400ac1nc7860lz65.5dt0.005bdump2000adump5000ens2.ring,epss5epsl5r10.5al1nl5ml1ns400ac1nc7860lz65.5dt0.005bdump2000adump5000ens2.ring,epss5epsl5r10.5al1nl5ml1ns400ac1nc7860lz65.5dt0.005bdump2000adump5000,ns400nl5al1.0D20.0ac1.0nc7860,ns400nl5al1.0D20.0ac1.0,5.0,5.0,20.0,1.0,5,1,400,1.0,7860,131.0,0.005,2000,5000,2,1.0,1.0,1.0,1.0,1.0,0.0051526717557251,0.0098408781606439,0.0999999999999999,0.1909859317102744,50001,0.4869934496548858,0.017697161570592677,0.0005949312829326203,36.42704665327317,29.964471510893794,0.024480388686004884,11.186929385552585,2.3221382072401155,0.006814892819758967,0.6839174264624616,0.07671730775126365,0.001238687270873998
epss5epsl5r10.5al1nl5ml1ns400ac1nc7860lz65.5dt0.005bdump2000adump5000ens3.ring,epss5epsl5r10.5al1nl5ml1ns400ac1nc7860lz65.5dt0.005bdump2000adump5000ens3.ring,epss5epsl5r10.5al1nl5ml1ns400ac1nc7860lz65.5dt0.005bdump2000adump5000,ns400nl5al1.0D20.0ac1.0nc7860,ns400nl5al1.0D20.0ac1.0,5.0,5.0,20.0,1.0,5,1,400,1.0,7860,131.0,0.005,2000,5000,3,1.0,1.0,1.0,1.0,1.0,0.0051526717557251,0.0098408781606439,0.0999999999999999,0.1909859317102744,50001,0.4933658912013735,0.018924123570804648,0.000615209290742665,36.76271497336167,32.70444617155067,0.02557516223665088,11.304935681586638,2.588713592846254,0.007195434097879369,0.6983967270615453,0.08364939807996856,0.0012934403587330074
epss5epsl5r10.5al1nl5ml1ns400ac1nc7860lz65.5dt0.005bdump2000adump5000ens4.ring,epss5epsl5r10.5al1nl5ml1ns400ac1nc7860lz65.5dt0.005bdump2000adump5000ens4.ring,epss5epsl5r10.5al1nl5ml1ns400ac1nc7860lz65.5dt0.005bdump2000adump5000,ns400nl5al1.0D20.0ac1.0nc7860,ns400nl5al1.0D20.0ac1.0,5.0,5.0,20.0,1.0,5,1,400,1.0,7860,131.0,0.005,2000,5000,4,1.0,1.0,1.0,1.0,1.0,0.0051526717557251,0.0098408781606439,0.0999999999999999,0.1909859317102744,50001,0.47726357584627327,0.021595529142470187,0.0006571990435548455,36.13278206096492,35.34394890973786,0.026587195756505748,11.114322714013523,2.7361383609212937,0.007397483843742132,0.6681271059183486,0.0911189732638172,0.0013499553567716024
epss5epsl5r10.5al1nl5ml1ns400ac1nc7860lz65.5dt0.005bdump2000adump5000ens5.ring,epss5epsl5r10.5al1nl5ml1ns400ac1nc7860lz65.5dt0.005bdump2000adump5000ens5.ring,epss5epsl5r10.5al1nl5ml1ns400ac1nc7860lz65.5dt0.005bdump2000adump5000,ns400nl5al1.0D20.0ac1.0nc7860,ns400nl5al1.0D20.0ac1.0,5.0,5.0,20.0,1.0,5,1,400,1.0,7860,131.0,0.005,2000,5000,5,1.0,1.0,1.0,1.0,1.0,0.0051526717557251,0.0098408781606439,0.0999999999999999,0.1909859317102744,50001,0.49440746287356857,0.0184458951332157,0.0006073861232069053,36.71291554271453,31.19882738040633,0.024979522565656186,11.283806100067407,2.4368229248254982,0.006981150227327153,0.7000315097629108,0.08098590876957121,0.0012726814901582503
epss5epsl5r10.5al1nl5ml1ns400ac1nc7860lz65.5dt0.005bdump2000adump5000ens6.ring,epss5epsl5r10.5al1nl5ml1ns400ac1nc7860lz65.5dt0.005bdump2000adump5000ens6.ring,epss5epsl5r10.5al1nl5ml1ns400ac1nc7860lz65.5dt0.005bdump2000adump5000,ns400nl5al1.0D20.0ac1.0nc7860,ns400nl5al1.0D20.0ac1.0,5.0,5.0,20.0,1.0,5,1,400,1.0,7860,131.0,0.005,2000,5000,6,1.0,1.0,1.0,1.0,1.0,0.0051526717557251,0.0098408781606439,0.0999999999999999,0.1909859317102744,50001,0.4857659281300185,0.018960191301718027,0.0006157952793212697,36.39621642248094,30.950400353059468,0.024879871524209875,11.17558506360546,2.35302361166205,0.006860063573556808,0.6822776259234048,0.08151725840876779,0.0012768497046149777
epss5epsl5r10.5al1nl5ml1ns400ac1nc7860lz65.5dt0.005bdump2000adump5000ens7.ring,epss5epsl5r10.5al1nl5ml1ns400ac1nc7860lz65.5dt0.005bdump2000adump5000ens7.ring,epss5epsl5r10.5al1nl5ml1ns400ac1nc7860lz65.5dt0.005bdump2000adump5000,ns400nl5al1.0D20.0ac1.0nc7860,ns400nl5al1.0D20.0ac1.0,5.0,5.0,20.0,1.0,5,1,400,1.0,7860,131.0,0.005,2000,5000,7,1.0,1.0,1.0,1.0,1.0,0.0051526717557251,0.0098408781606439,0.0999999999999999,0.1909859317102744,50001,0.4958171384346573,0.018566036960762814,0.0006093609268859108,36.726178269632236,31.090190922687828,0.02493599443482767,11.279478686469645,2.4441402531237073,0.006991623921699031,0.7036943067606966,0.08092956118664107,0.001272238666183677
epss5epsl5r10.5al1nl5ml1ns400ac1nc7860lz65.5dt0.005bdump2000adump5000ens8.ring,epss5epsl5r10.5al1nl5ml1ns400ac1nc7860lz65.5dt0.005bdump2000adump5000ens8.ring,epss5epsl5r10.5al1nl5ml1ns400ac1nc7860lz65.5dt0.005bdump2000adump5000,ns400nl5al1.0D20.0ac1.0nc7860,ns400nl5al1.0D20.0ac1.0,5.0,5.0,20.0,1.0,5,1,400,1.0,7860,131.0,0.005,2000,5000,8,1.0,1.0,1.0,1.0,1.0,0.0051526717557251,0.0098408781606439,0.0999999999999999,0.1909859317102744,50001,0.49592344532176913,0.019250385856664082,0.0006204899009115954,36.78611995913463,32.812167542409284,0.02561724713641545,11.307625647819796,2.632329638853978,0.007255797184119714,0.7042066854213757,0.08420458004573635,0.0012977255491492517
epss5epsl5r10.5al1nl5ml1ns400ac1nc11790lz65.5dt0.005bdump2000adump5000ens1.ring,epss5epsl5r10.5al1nl5ml1ns400ac1nc11790lz65.5dt0.005bdump2000adump5000ens1.ring,epss5epsl5r10.5al1nl5ml1ns400ac1nc11790lz65.5dt0.005bdump2000adump5000,ns400nl5al1.0D20.0ac1.0nc11790,ns400nl5al1.0D20.0ac1.0,5.0,5.0,20.0,1.0,5,1,400,1.0,11790,131.0,0.005,2000,5000,1,1.0,1.0,1.0,1.0,1.0,0.0051526717557251,0.0098408781606439,0.15,0.2864788975654116,50001,0.480949517512056,0.01943371145960401,0.0006234374300537948,35.70492584740972,31.069501517048767,0.024927696049594623,10.996944007514818,2.404269039401654,0.00693436232021612,0.6724378878481035,0.0828551581211987,0.0012872851907887288
epss5epsl5r10.5al1nl5ml1ns400ac1nc11790lz65.5dt0.005bdump2000adump5000ens2.ring,epss5epsl5r10.5al1nl5ml1ns400ac1nc11790lz65.5dt0.005bdump2000adump5000ens2.ring,epss5epsl5r10.5al1nl5ml1ns400ac1nc11790lz65.5dt0.005bdump2000adump5000,ns400nl5al1.0D20.0ac1.0nc11790,ns400nl5al1.0D20.0ac1.0,5.0,5.0,20.0,1.0,5,1,400,1.0,11790,131.0,0.005,2000,5000,2,1.0,1.0,1.0,1.0,1.0,0.0051526717557251,0.0098408781606439,0.15,0.2864788975654116,50001,0.4906441672400764,0.02025131593364861,0.0006364167806343357,36.07074515537887,32.10914978775111,0.025341329794527793,11.099947974016999,2.4867501201953255,0.007052304758297568,0.6934543952473311,0.08743855874545062,0.0013224111217427855
epss5epsl5r10.5al1nl5ml1ns400ac1nc11790lz65.5dt0.005bdump2000adump5000ens3.ring,epss5epsl5r10.5al1nl5ml1ns400ac1nc11790lz65.5dt0.005bdump2000adump5000ens3.ring,epss5epsl5r10.5al1nl5ml1ns400ac1nc11790lz65.5dt0.005bdump2000adump5000,ns400nl5al1.0D20.0ac1.0nc11790,ns400nl5al1.0D20.0ac1.0,5.0,5.0,20.0,1.0,5,1,400,1.0,11790,131.0,0.005,2000,5000,3,1.0,1.0,1.0,1.0,1.0,0.0051526717557251,0.0098408781606439,0.15,0.2864788975654116,50001,0.46012146418812766,0.021436360029360155,0.0006547726327414754,34.95637288418477,32.11067505803302,0.025341931677767986,10.783466188309788,2.447128653498087,0.0069958968738798415,0.6312660754469384,0.08753494745294953,0.0013231398070721744
epss5epsl5r10.5al1nl5ml1ns400ac1nc11790lz65.5dt0.005bdump2000adump5000ens4.ring,epss5epsl5r10.5al1nl5ml1ns400ac1nc11790lz65.5dt0.005bdump2000adump5000ens4.ring,epss5epsl5r10.5al1nl5ml1ns400ac1nc11790lz65.5dt0.005bdump2000adump5000,ns400nl5al1.0D20.0ac1.0nc11790,ns400nl5al1.0D20.0ac1.0,5.0,5.0,20.0,1.0,5,1,400,1.0,11790,131.0,0.005,2000,5000,4,1.0,1.0,1.0,1.0,1.0,0.0051526717557251,0.0098408781606439,0.15,0.2864788975654116,50001,0.4787306172650145,0.020023104770091296,0.0006328207450785932,35.697742940397234,32.8923371865619,0.025648523227102923,11.005862958863762,2.599048263414254,0.007209782608947726,0.667632376649143,0.0861720272038902,0.001312798744696918
epss5epsl5r10.5al1nl5ml1ns400ac1nc11790lz65.5dt0.005bdump2000adump5000ens5.ring,epss5epsl5r10.5al1nl5ml1ns400ac1nc11790lz65.5dt0.005bdump2000adump5000ens5.ring,epss5epsl5r10.5al1nl5ml1ns400ac1nc11790lz65.5dt0.005bdump2000adump5000,ns400nl5al1.0D20.0ac1.0nc11790,ns400nl5al1.0D20.0ac1.0,5.0,5.0,20.0,1.0,5,1,400,1.0,11790,131.0,0.005,2000,5000,5,1.0,1.0,1.0,1.0,1.0,0.0051526717557251,0.0098408781606439,0.15,0.2864788975654116,50001,0.47807736946613855,0.018371934531587832,0.0006061672134252699,35.64171463728776,29.346710022959105,0.024226724922266775,10.969276548011502,2.195781344811131,0.006626886666921551,0.6651347629675814,0.07793191455474197,0.0012484543608377678
epss5epsl5r10.5al1nl5ml1ns400ac1nc11790lz65.5dt0.005bdump2000adump5000ens6.ring,epss5epsl5r10.5al1nl5ml1ns400ac1nc11790lz65.5dt0.005bdump2000adump5000ens6.ring,epss5epsl5r10.5al1nl5ml1ns400ac1nc11790lz65.5dt0.005bdump2000adump5000,ns400nl5al1.0D20.0ac1.0nc11790,ns400nl5al1.0D20.0ac1.0,5.0,5.0,20.0,1.0,5,1,400,1.0,11790,131.0,0.005,2000,5000,6,1.0,1.0,1.0,1.0,1.0,0.0051526717557251,0.0098408781606439,0.15,0.2864788975654116,50001,0.49556355287856296,0.019537805411768656,0.000625104877788818,36.309458722057556,31.47166222891907,0.02508850821747641,11.183732237356217,2.4295223278986406,0.006970684798351796,0.7028048437883715,0.08504633776245032,0.0013041958270325075
epss5epsl5r10.5al1nl5ml1ns400ac1nc11790lz65.5dt0.005bdump2000adump5000ens7.ring,epss5epsl5r10.5al1nl5ml1ns400ac1nc11790lz65.5dt0.005bdump2000adump5000ens7.ring,epss5epsl5r10.5al1nl5ml1ns400ac1nc11790lz65.5dt0.005bdump2000adump5000,ns400nl5al1.0D20.0ac1.0nc11790,ns400nl5al1.0D20.0ac1.0,5.0,5.0,20.0,1.0,5,1,400,1.0,11790,131.0,0.005,2000,5000,7,1.0,1.0,1.0,1.0,1.0,0.0051526717557251,0.0098408781606439,0.15,0.2864788975654116,50001,0.4714088254790956,0.0204954609659414,0.0006402415320164945,35.35026194804626,32.15298245982894,0.02535862080627767,10.907415774167696,2.4815384291995315,0.007044910828675594,0.6534288923834833,0.08524429601365534,0.0013057128016042067
epss5epsl5r10.5al1nl5ml1ns400ac1nc11790lz65.5dt0.005bdump2000adump5000ens8.ring,epss5epsl5r10.5al1nl5ml1ns400ac1nc11790lz65.5dt0.005bdump2000adump5000ens8.ring,epss5epsl5r10.5al1nl5ml1ns400ac1nc11790lz65.5dt0.005bdump2000adump5000,ns400nl5al1.0D20.0ac1.0nc11790,ns400nl5al1.0D20.0ac1.0,5.0,5.0,20.0,1.0,5,1,400,1.0,11790,131.0,0.005,2000,5000,8,1.0,1.0,1.0,1.0,1.0,0.0051526717557251,0.0098408781606439,0.15,0.2864788975654116,50001,0.45940697445089246,0.02230621328410859,0.0006679253443927486,34.92410704695757,33.11335783194767,0.025734551805674667,10.820510518636985,2.492416629283552,0.007060335161001285,0.630640241931179,0.09065139644733582,0.0013464872553970635
epss5epsl5r10.5al1nl5ml1ns400ac1nc15720lz65.5dt0.005bdump2000adump5000ens1.ring,epss5epsl5r10.5al1nl5ml1ns400ac1nc15720lz65.5dt0.005bdump2000adump5000ens1.ring,epss5epsl5r10.5al1nl5ml1ns400ac1nc15720lz65.5dt0.005bdump2000adump5000,ns400nl5al1.0D20.0ac1.0nc15720,ns400nl5al1.0D20.0ac1.0,5.0,5.0,20.0,1.0,5,1,400,1.0,15720,131.0,0.005,2000,5000,1,1.0,1.0,1.0,1.0,1.0,0.0051526717557251,0.0098408781606439,0.1999999999999999,0.3819718634205488,50001,0.45648427944390063,0.01957423883772359,0.0006256874433408999,34.39632112543448,28.28984155497408,0.023786484210565492,10.627814894341729,2.144248509735906,0.006548661710205996,0.6203849761477596,0.08023747490722101,0.0012667870768777285
epss5epsl5r10.5al1nl5ml1ns400ac1nc15720lz65.5dt0.005bdump2000adump5000ens2.ring,epss5epsl5r10.5al1nl5ml1ns400ac1nc15720lz65.5dt0.005bdump2000adump5000ens2.ring,epss5epsl5r10.5al1nl5ml1ns400ac1nc15720lz65.5dt0.005bdump2000adump5000,ns400nl5al1.0D20.0ac1.0nc15720,ns400nl5al1.0D20.0ac1.0,5.0,5.0,20.0,1.0,5,1,400,1.0,15720,131.0,0.005,2000,5000,2,1.0,1.0,1.0,1.0,1.0,0.0051526717557251,0.0098408781606439,0.1999999999999999,0.3819718634205488,50001,0.4623716823413351,0.018877094811505655,0.0006144443800948243,34.60937047276968,27.96325944453417,0.023648788317600616,10.687814724314599,2.01684746706252,0.006351137641497813,0.6321199081250438,0.07809844606509517,0.0012497875504668397
epss5epsl5r10.5al1nl5ml1ns400ac1nc15720lz65.5dt0.005bdump2000adump5000ens3.ring,epss5epsl5r10.5al1nl5ml1ns400ac1nc15720lz65.5dt0.005bdump2000adump5000ens3.ring,epss5epsl5r10.5al1nl5ml1ns400ac1nc15720lz65.5dt0.005bdump2000adump5000,ns400nl5al1.0D20.0ac1.0nc15720,ns400nl5al1.0D20.0ac1.0,5.0,5.0,20.0,1.0,5,1,400,1.0,15720,131.0,0.005,2000,5000,3,1.0,1.0,1.0,1.0,1.0,0.0051526717557251,0.0098408781606439,0.1999999999999999,0.3819718634205488,50001,0.4581811408297334,0.019942657104983184,0.0006315482104318432,34.4899025375358,29.829950000149186,0.02442537614864884,10.643994782962212,2.2267576625963947,0.006673466359541186,0.6240849862724648,0.08295638855289693,0.001288071337720834
epss5epsl5r10.5al1nl5ml1ns400ac1nc15720lz65.5dt0.005bdump2000adump5000ens4.ring,epss5epsl5r10.5al1nl5ml1ns400ac1nc15720lz65.5dt0.005bdump2000adump5000ens4.ring,epss5epsl5r10.5al1nl5ml1ns400ac1nc15720lz65.5dt0.005bdump2000adump5000,ns400nl5al1.0D20.0ac1.0nc15720,ns400nl5al1.0D20.0ac1.0,5.0,5.0,20.0,1.0,5,1,400,1.0,15720,131.0,0.005,2000,5000,4,1.0,1.0,1.0,1.0,1.0,0.0051526717557251,0.0098408781606439,0.1999999999999999,0.3819718634205488,50001,0.44658390216279203,0.021722263755422612,0.0006591246279031396,34.02717116430224,31.666656425264748,0.025166110714715036,10.54312068398749,2.403484863478367,0.006933231372856912,0.602821856064088,0.08754391703927317,0.0013232075954987047
epss5epsl5r10.5al1nl5ml1ns400ac1nc15720lz65.5dt0.005bdump2000adump5000ens5.ring,epss5epsl5r10.5al1nl5ml1ns400ac1nc15720lz65.5dt0.005bdump2000adump5000ens5.ring,epss5epsl5r10.5al1nl5ml1ns400ac1nc15720lz65.5dt0.005bdump2000adump5000,ns400nl5al1.0D20.0ac1.0nc15720,ns400nl5al1.0D20.0ac1.0,5.0,5.0,20.0,1.0,5,1,400,1.0,15720,131.0,0.005,2000,5000,5,1.0,1.0,1.0,1.0,1.0,0.0051526717557251,0.0098408781606439,0.1999999999999999,0.3819718634205488,50001,0.46156079275672024,0.022352688245037795,0.0006686207930514545,34.625184770855974,32.98081674501675,0.02568299699996741,10.716027024466088,2.4623348520378436,0.007017599093761119,0.6340473144412634,0.09165128427949008,0.0013538927895479027
epss5epsl5r10.5al1nl5ml1ns400ac1nc15720lz65.5dt0.005bdump2000adump5000ens6.ring,epss5epsl5r10.5al1nl5ml1ns400ac1nc15720lz65.5dt0.005bdump2000adump5000ens6.ring,epss5epsl5r10.5al1nl5ml1ns400ac1nc15720lz65.5dt0.005bdump2000adump5000,ns400nl5al1.0D20.0ac1.0nc15720,ns400nl5al1.0D20.0ac1.0,5.0,5.0,20.0,1.0,5,1,400,1.0,15720,131.0,0.005,2000,5000,6,1.0,1.0,1.0,1.0,1.0,0.0051526717557251,0.0098408781606439,0.1999999999999999,0.3819718634205488,50001,0.45534823834970645,0.020927492901708755,0.0006469542936206352,34.39561059536408,31.051624179594157,0.024920523341051312,10.641557859711147,2.3015787430793977,0.006784657313496973,0.6193383238866683,0.0857861372318377,0.001309856001489001
epss5epsl5r10.5al1nl5ml1ns400ac1nc15720lz65.5dt0.005bdump2000adump5000ens7.ring,epss5epsl5r10.5al1nl5ml1ns400ac1nc15720lz65.5dt0.005bdump2000adump5000ens7.ring,epss5epsl5r10.5al1nl5ml1ns400ac1nc15720lz65.5dt0.005bdump2000adump5000,ns400nl5al1.0D20.0ac1.0nc15720,ns400nl5al1.0D20.0ac1.0,5.0,5.0,20.0,1.0,5,1,400,1.0,15720,131.0,0.005,2000,5000,7,1.0,1.0,1.0,1.0,1.0,0.0051526717557251,0.0098408781606439,0.1999999999999999,0.3819718634205488,50001,0.46284275929141944,0.019757006580758164,0.0006286017273402638,34.684254822326956,30.743445485706378,0.024796550359155355,10.720676730267911,2.383169346007756,0.006903867533502878,0.6338245010882153,0.08196601606560135,0.001280359450042068
epss5epsl5r10.5al1nl5ml1ns400ac1nc15720lz65.5dt0.005bdump2000adump5000ens8.ring,epss5epsl5r10.5al1nl5ml1ns400ac1nc15720lz65.5dt0.005bdump2000adump5000ens8.ring,epss5epsl5r10.5al1nl5ml1ns400ac1nc15720lz65.5dt0.005bdump2000adump5000,ns400nl5al1.0D20.0ac1.0nc15720,ns400nl5al1.0D20.0ac1.0,5.0,5.0,20.0,1.0,5,1,400,1.0,15720,131.0,0.005,2000,5000,8,1.0,1.0,1.0,1.0,1.0,0.0051526717557251,0.0098408781606439,0.1999999999999999,0.3819718634205488,50001,0.4626515922183055,0.020470074418466024,0.0006398448939933182,34.64620068606318,30.665468614778153,0.024765083732859922,10.733525306002818,2.3210585028375896,0.006813308304836336,0.633929240114731,0.08515992758074684,0.0013050664931776221
epss5epsl5r10.5al1nl5ml1ns400ac1nc17685lz65.5dt0.005bdump2000adump5000ens1.ring,epss5epsl5r10.5al1nl5ml1ns400ac1nc17685lz65.5dt0.005bdump2000adump5000ens1.ring,epss5epsl5r10.5al1nl5ml1ns400ac1nc17685lz65.5dt0.005bdump2000adump5000,ns400nl5al1.0D20.0ac1.0nc17685,ns400nl5al1.0D20.0ac1.0,5.0,5.0,20.0,1.0,5,1,400,1.0,17685,131.0,0.005,2000,5000,1,1.0,1.0,1.0,1.0,1.0,0.0051526717557251,0.0098408781606439,0.225,0.4297183463481174,50001,0.4239713836388534,0.021102444911355624,0.000649652905963725,33.0489458525954,28.093497464569943,0.02370379609453724,10.281473993065594,2.027354317590956,0.006367659409219303,0.5563268600993656,0.08073164918482174,0.00127068209387574
epss5epsl5r10.5al1nl5ml1ns400ac1nc17685lz65.5dt0.005bdump2000adump5000ens2.ring,epss5epsl5r10.5al1nl5ml1ns400ac1nc17685lz65.5dt0.005bdump2000adump5000ens2.ring,epss5epsl5r10.5al1nl5ml1ns400ac1nc17685lz65.5dt0.005bdump2000adump5000,ns400nl5al1.0D20.0ac1.0nc17685,ns400nl5al1.0D20.0ac1.0,5.0,5.0,20.0,1.0,5,1,400,1.0,17685,131.0,0.005,2000,5000,2,1.0,1.0,1.0,1.0,1.0,0.0051526717557251,0.0098408781606439,0.225,0.4297183463481174,50001,0.4585950886859088,0.021055951908093538,0.0006489368522143513,34.26505987221869,30.696131607513387,0.02477746218139113,10.62286234497336,2.420731413782324,0.006958062106337258,0.6261283365034045,0.08642660686992817,0.0013147365277494055
epss5epsl5r10.5al1nl5ml1ns400ac1nc17685lz65.5dt0.005bdump2000adump5000ens3.ring,epss5epsl5r10.5al1nl5ml1ns400ac1nc17685lz65.5dt0.005bdump2000adump5000ens3.ring,epss5epsl5r10.5al1nl5ml1ns400ac1nc17685lz65.5dt0.005bdump2000adump5000,ns400nl5al1.0D20.0ac1.0nc17685,ns400nl5al1.0D20.0ac1.0,5.0,5.0,20.0,1.0,5,1,400,1.0,17685,131.0,0.005,2000,5000,3,1.0,1.0,1.0,1.0,1.0,0.0051526717557251,0.0098408781606439,0.225,0.4297183463481174,50001,0.4450080240900741,0.021749807649589413,0.0006595423814977991,33.8082122373971,29.74174207981916,0.024389236183127654,10.477558490317097,2.1762475614613,0.006597344255776411,0.5998978189069727,0.08657819071327462,0.0013158889825002306
epss5epsl5r10.5al1nl5ml1ns400ac1nc17685lz65.5dt0.005bdump2000adump5000ens4.ring,epss5epsl5r10.5al1nl5ml1ns400ac1nc17685lz65.5dt0.005bdump2000adump5000ens4.ring,epss5epsl5r10.5al1nl5ml1ns400ac1nc17685lz65.5dt0.005bdump2000adump5000,ns400nl5al1.0D20.0ac1.0nc17685,ns400nl5al1.0D20.0ac1.0,5.0,5.0,20.0,1.0,5,1,400,1.0,17685,131.0,0.005,2000,5000,4,1.0,1.0,1.0,1.0,1.0,0.0051526717557251,0.0098408781606439,0.225,0.4297183463481174,50001,0.449167651991403,0.020754243828970734,0.0006442708099700115,33.995987361479884,30.288720752249716,0.02461248494250417,10.535401071977319,2.3102609773690963,0.006797442132698293,0.6068555420421167,0.0833104648911897,0.0012908172983903626
epss5epsl5r10.5al1nl5ml1ns400ac1nc17685lz65.5dt0.005bdump2000adump5000ens5.ring,epss5epsl5r10.5al1nl5ml1ns400ac1nc17685lz65.5dt0.005bdump2000adump5000ens5.ring,epss5epsl5r10.5al1nl5ml1ns400ac1nc17685lz65.5dt0.005bdump2000adump5000,ns400nl5al1.0D20.0ac1.0nc17685,ns400nl5al1.0D20.0ac1.0,5.0,5.0,20.0,1.0,5,1,400,1.0,17685,131.0,0.005,2000,5000,5,1.0,1.0,1.0,1.0,1.0,0.0051526717557251,0.0098408781606439,0.225,0.4297183463481174,50001,0.4438475399443868,0.01964215251638323,0.0006267719284777076,33.75620092456549,27.771308469264905,0.02356748118457503,10.447584116276579,2.061688540143119,0.006421352723753958,0.595037508561095,0.07923947446450166,0.0012588842239419928
epss5epsl5r10.5al1nl5ml1ns400ac1nc17685lz65.5dt0.005bdump2000adump5000ens6.ring,epss5epsl5r10.5al1nl5ml1ns400ac1nc17685lz65.5dt0.005bdump2000adump5000ens6.ring,epss5epsl5r10.5al1nl5ml1ns400ac1nc17685lz65.5dt0.005bdump2000adump5000,ns400nl5al1.0D20.0ac1.0nc17685,ns400nl5al1.0D20.0ac1.0,5.0,5.0,20.0,1.0,5,1,400,1.0,17685,131.0,0.005,2000,5000,6,1.0,1.0,1.0,1.0,1.0,0.0051526717557251,0.0098408781606439,0.225,0.4297183463481174,50001,0.4491989585945491,0.02235021353119816,0.0006685837798092048,34.07851574268869,31.812089967687104,0.02522383395429295,10.566844823901349,2.4368100005533018,0.006981131714204083,0.6083113736616036,0.09081307859084331,0.0013476874904134364
epss5epsl5r10.5al1nl5ml1ns400ac1nc17685lz65.5dt0.005bdump2000adump5000ens7.ring,epss5epsl5r10.5al1nl5ml1ns400ac1nc17685lz65.5dt0.005bdump2000adump5000ens7.ring,epss5epsl5r10.5al1nl5ml1ns400ac1nc17685lz65.5dt0.005bdump2000adump5000,ns400nl5al1.0D20.0ac1.0nc17685,ns400nl5al1.0D20.0ac1.0,5.0,5.0,20.0,1.0,5,1,400,1.0,17685,131.0,0.005,2000,5000,7,1.0,1.0,1.0,1.0,1.0,0.0051526717557251,0.0098408781606439,0.225,0.4297183463481174,50001,0.4544913234409692,0.019514199334496638,0.000624727129785423,34.05727363516313,27.916148826787225,0.023628858976593524,10.541882001263284,2.123705664692626,0.006517216683052093,0.6161006893640512,0.0797809414110461,0.001263178066711468
epss5epsl5r10.5al1nl5ml1ns400ac1nc17685lz65.5dt0.005bdump2000adump5000ens8.ring,epss5epsl5r10.5al1nl5ml1ns400ac1nc17685lz65.5dt0.005bdump2000adump5000ens8.ring,epss5epsl5r10.5al1nl5ml1ns400ac1nc17685lz65.5dt0.005bdump2000adump5000,ns400nl5al1.0D20.0ac1.0nc17685,ns400nl5al1.0D20.0ac1.0,5.0,5.0,20.0,1.0,5,1,400,1.0,17685,131.0,0.005,2000,5000,8,1.0,1.0,1.0,1.0,1.0,0.0051526717557251,0.0098408781606439,0.225,0.4297183463481174,50001,0.4560466093318931,0.019746108102570513,0.0006284283269008569,34.12541258543725,29.047756304397883,0.024103010726628273,10.5606755343303,2.2052346576740893,0.006641136435391294,0.6190015676359787,0.08211507658747233,0.0012815231296193787
epss5epsl5r10.5al1nl5ml1ns400ac1nc19650lz65.5dt0.005bdump2000adump5000ens1.ring,epss5epsl5r10.5al1nl5ml1ns400ac1nc19650lz65.5dt0.005bdump2000adump5000ens1.ring,epss5epsl5r10.5al1nl5ml1ns400ac1nc19650lz65.5dt0.005bdump2000adump5000,ns400nl5al1.0D20.0ac1.0nc19650,ns400nl5al1.0D20.0ac1.0,5.0,5.0,20.0,1.0,5,1,400,1.0,19650,131.0,0.005,2000,5000,1,1.0,1.0,1.0,1.0,1.0,0.0051526717557251,0.0098408781606439,0.2499999999999999,0.477464829275686,50001,0.4518461859892537,0.022122604704449163,0.0006651707255201355,33.80385206329382,31.411024002650514,0.025064326842207635,10.49777023624913,2.3663207535959594,0.00687941967551909,0.6135873296905563,0.08864492198464073,0.0013315023243287314
epss5epsl5r10.5al1nl5ml1ns400ac1nc19650lz65.5dt0.005bdump2000adump5000ens2.ring,epss5epsl5r10.5al1nl5ml1ns400ac1nc19650lz65.5dt0.005bdump2000adump5000ens2.ring,epss5epsl5r10.5al1nl5ml1ns400ac1nc19650lz65.5dt0.005bdump2000adump5000,ns400nl5al1.0D20.0ac1.0nc19650,ns400nl5al1.0D20.0ac1.0,5.0,5.0,20.0,1.0,5,1,400,1.0,19650,131.0,0.005,2000,5000,2,1.0,1.0,1.0,1.0,1.0,0.0051526717557251,0.0098408781606439,0.2499999999999999,0.477464829275686,50001,0.4402053733764365,0.019837308520492307,0.000629877901191847,33.251367775188136,25.629180919737184,0.02264030959140673,10.330092214203912,1.922809758110252,0.0062013059239328806,0.5866304913988339,0.0778174438811578,0.0012475371247474584
epss5epsl5r10.5al1nl5ml1ns400ac1nc19650lz65.5dt0.005bdump2000adump5000ens3.ring,epss5epsl5r10.5al1nl5ml1ns400ac1nc19650lz65.5dt0.005bdump2000adump5000ens3.ring,epss5epsl5r10.5al1nl5ml1ns400ac1nc19650lz65.5dt0.005bdump2000adump5000,ns400nl5al1.0D20.0ac1.0nc19650,ns400nl5al1.0D20.0ac1.0,5.0,5.0,20.0,1.0,5,1,400,1.0,19650,131.0,0.005,2000,5000,3,1.0,1.0,1.0,1.0,1.0,0.0051526717557251,0.0098408781606439,0.2499999999999999,0.477464829275686,50001,0.4596704025690418,0.020240447946747814,0.0006362459893272069,34.03434232588694,27.847677736677568,0.023599863447349677,10.569854067969278,2.1515227528001644,0.006559760289523032,0.6275399193855018,0.08266039850859057,0.0012857713522130643
epss5epsl5r10.5al1nl5ml1ns400ac1nc19650lz65.5dt0.005bdump2000adump5000ens4.ring,epss5epsl5r10.5al1nl5ml1ns400ac1nc19650lz65.5dt0.005bdump2000adump5000ens4.ring,epss5epsl5r10.5al1nl5ml1ns400ac1nc19650lz65.5dt0.005bdump2000adump5000,ns400nl5al1.0D20.0ac1.0nc19650,ns400nl5al1.0D20.0ac1.0,5.0,5.0,20.0,1.0,5,1,400,1.0,19650,131.0,0.005,2000,5000,4,1.0,1.0,1.0,1.0,1.0,0.0051526717557251,0.0098408781606439,0.2499999999999999,0.477464829275686,50001,0.43998817100835447,0.022939291627053927,0.0006773373107551942,33.480420323310454,31.918284096684605,0.02526589958686791,10.407687159218508,2.4460274286147112,0.0069943225956695925,0.5901613631749472,0.09095430062493412,0.0013487349674782968
epss5epsl5r10.5al1nl5ml1ns400ac1nc19650lz65.5dt0.005bdump2000adump5000ens5.ring,epss5epsl5r10.5al1nl5ml1ns400ac1nc19650lz65.5dt0.005bdump2000adump5000ens5.ring,epss5epsl5r10.5al1nl5ml1ns400ac1nc19650lz65.5dt0.005bdump2000adump5000,ns400nl5al1.0D20.0ac1.0nc19650,ns400nl5al1.0D20.0ac1.0,5.0,5.0,20.0,1.0,5,1,400,1.0,19650,131.0,0.005,2000,5000,5,1.0,1.0,1.0,1.0,1.0,0.0051526717557251,0.0098408781606439,0.2499999999999999,0.477464829275686,50001,0.4526910117520688,0.020778499123952406,0.0006446471767401514,33.91474358367599,29.616497237690023,0.02433782949964521,10.541827801893886,2.2184725549231503,0.006661039791088401,0.6135583283606874,0.08334587487777073,0.001291091591466467
epss5epsl5r10.5al1nl5ml1ns400ac1nc19650lz65.5dt0.005bdump2000adump5000ens6.ring,epss5epsl5r10.5al1nl5ml1ns400ac1nc19650lz65.5dt0.005bdump2000adump5000ens6.ring,epss5epsl5r10.5al1nl5ml1ns400ac1nc19650lz65.5dt0.005bdump2000adump5000,ns400nl5al1.0D20.0ac1.0nc19650,ns400nl5al1.0D20.0ac1.0,5.0,5.0,20.0,1.0,5,1,400,1.0,19650,131.0,0.005,2000,5000,6,1.0,1.0,1.0,1.0,1.0,0.0051526717557251,0.0098408781606439,0.2499999999999999,0.477464829275686,50001,0.4274671464782279,0.021941289715797934,0.000662439275946074,32.89423020926788,27.195510465750477,0.023321882628017182,10.220281591688384,1.9543647983665517,0.006251983362688278,0.5644989275626717,0.08363206722903882,0.0012933063614553114
epss5epsl5r10.5al1nl5ml1ns400ac1nc19650lz65.5dt0.005bdump2000adump5000ens7.ring,epss5epsl5r10.5al1nl5ml1ns400ac1nc19650lz65.5dt0.005bdump2000adump5000ens7.ring,epss5epsl5r10.5al1nl5ml1ns400ac1nc19650lz65.5dt0.005bdump2000adump5000,ns400nl5al1.0D20.0ac1.0nc19650,ns400nl5al1.0D20.0ac1.0,5.0,5.0,20.0,1.0,5,1,400,1.0,19650,131.0,0.005,2000,5000,7,1.0,1.0,1.0,1.0,1.0,0.0051526717557251,0.0098408781606439,0.2499999999999999,0.477464829275686,50001,0.4178278210176084,0.022488483156696628,0.0006706486883114979,32.55137737615426,27.93446942340314,0.02363661118832526,10.140247357549729,2.052347711233761,0.006406789697241139,0.5454020276326573,0.08572333420676188,0.0013093764485949935
epss5epsl5r10.5al1nl5ml1ns400ac1nc19650lz65.5dt0.005bdump2000adump5000ens8.ring,epss5epsl5r10.5al1nl5ml1ns400ac1nc19650lz65.5dt0.005bdump2000adump5000ens8.ring,epss5epsl5r10.5al1nl5ml1ns400ac1nc19650lz65.5dt0.005bdump2000adump5000,ns400nl5al1.0D20.0ac1.0nc19650,ns400nl5al1.0D20.0ac1.0,5.0,5.0,20.0,1.0,5,1,400,1.0,19650,131.0,0.005,2000,5000,8,1.0,1.0,1.0,1.0,1.0,0.0051526717557251,0.0098408781606439,0.2499999999999999,0.477464829275686,50001,0.4341602082362423,0.021921131304789225,0.0006621349002248595,33.10261807230286,29.051436691591086,0.024104537619125198,10.31573486025943,2.175912346786525,0.0065968361307319505,0.5768868271633825,0.0881149618313782,0.0013275161907214405
epss5epsl5r10.5al1nl5ml1ns400ac1nc21615lz65.5dt0.005bdump2000adump5000ens1.ring,epss5epsl5r10.5al1nl5ml1ns400ac1nc21615lz65.5dt0.005bdump2000adump5000ens1.ring,epss5epsl5r10.5al1nl5ml1ns400ac1nc21615lz65.5dt0.005bdump2000adump5000,ns400nl5al1.0D20.0ac1.0nc21615,ns400nl5al1.0D20.0ac1.0,5.0,5.0,20.0,1.0,5,1,400,1.0,21615,131.0,0.005,2000,5000,1,1.0,1.0,1.0,1.0,1.0,0.0051526717557251,0.0098408781606439,0.275,0.5252113122032547,50001,0.44911072060258206,0.019904883272368456,0.0006309498121462348,33.290232593823774,26.27922239293645,0.02292562862515942,10.3709869761749,1.9382846557351774,0.006226210172705669,0.6043670804219654,0.08128590260268014,0.0012750364904792345
epss5epsl5r10.5al1nl5ml1ns400ac1nc21615lz65.5dt0.005bdump2000adump5000ens2.ring,epss5epsl5r10.5al1nl5ml1ns400ac1nc21615lz65.5dt0.005bdump2000adump5000ens2.ring,epss5epsl5r10.5al1nl5ml1ns400ac1nc21615lz65.5dt0.005bdump2000adump5000,ns400nl5al1.0D20.0ac1.0nc21615,ns400nl5al1.0D20.0ac1.0,5.0,5.0,20.0,1.0,5,1,400,1.0,21615,131.0,0.005,2000,5000,2,1.0,1.0,1.0,1.0,1.0,0.0051526717557251,0.0098408781606439,0.275,0.5252113122032547,50001,0.4091114162370997,0.022737533620393546,0.000674352038929127,32.08604834014465,28.57548447664839,0.023906268833361843,9.981829388190754,2.099463163248105,0.006479912288369504,0.5288718521527964,0.08326164670203733,0.0012904390470071597
epss5epsl5r10.5al1nl5ml1ns400ac1nc21615lz65.5dt0.005bdump2000adump5000ens3.ring,epss5epsl5r10.5al1nl5ml1ns400ac1nc21615lz65.5dt0.005bdump2000adump5000ens3.ring,epss5epsl5r10.5al1nl5ml1ns400ac1nc21615lz65.5dt0.005bdump2000adump5000,ns400nl5al1.0D20.0ac1.0nc21615,ns400nl5al1.0D20.0ac1.0,5.0,5.0,20.0,1.0,5,1,400,1.0,21615,131.0,0.005,2000,5000,3,1.0,1.0,1.0,1.0,1.0,0.0051526717557251,0.0098408781606439,0.275,0.5252113122032547,50001,0.4408243068675408,0.021097468215814142,0.0006495762959932289,33.42001780997095,29.410343280778857,0.024252976427968115,10.39106923608176,2.1579708276483314,0.006569582677230467,0.589999681428804,0.08362696813577429,0.001293266934053247
epss5epsl5r10.5al1nl5ml1ns400ac1nc21615lz65.5dt0.005bdump2000adump5000ens4.ring,epss5epsl5r10.5al1nl5ml1ns400ac1nc21615lz65.5dt0.005bdump2000adump5000ens4.ring,epss5epsl5r10.5al1nl5ml1ns400ac1nc21615lz65.5dt0.005bdump2000adump5000,ns400nl5al1.0D20.0ac1.0nc21615,ns400nl5al1.0D20.0ac1.0,5.0,5.0,20.0,1.0,5,1,400,1.0,21615,131.0,0.005,2000,5000,4,1.0,1.0,1.0,1.0,1.0,0.0051526717557251,0.0098408781606439,0.275,0.5252113122032547,50001,0.4366346280042963,0.02085654783411871,0.0006458567617377511,33.047720990885054,28.078914212884822,0.02369764301059699,10.297372000954553,2.149568531891644,0.006556780508590544,0.5805661543407251,0.08228806816672865,0.0012828723098323438
epss5epsl5r10.5al1nl5ml1ns400ac1nc21615lz65.5dt0.005bdump2000adump5000ens5.ring,epss5epsl5r10.5al1nl5ml1ns400ac1nc21615lz65.5dt0.005bdump2000adump5000ens5.ring,epss5epsl5r10.5al1nl5ml1ns400ac1nc21615lz65.5dt0.005bdump2000adump5000,ns400nl5al1.0D20.0ac1.0nc21615,ns400nl5al1.0D20.0ac1.0,5.0,5.0,20.0,1.0,5,1,400,1.0,21615,131.0,0.005,2000,5000,5,1.0,1.0,1.0,1.0,1.0,0.0051526717557251,0.0098408781606439,0.275,0.5252113122032547,50001,0.43133949311767095,0.02217431365200191,0.0006659476503750413,32.70812529536839,29.209674517031882,0.024170094959280523,10.186256617707764,2.120020259245425,0.00651155935125439,0.5723511087977625,0.0859330464716834,0.0013109770895914498
epss5epsl5r10.5al1nl5ml1ns400ac1nc21615lz65.5dt0.005bdump2000adump5000ens6.ring,epss5epsl5r10.5al1nl5ml1ns400ac1nc21615lz65.5dt0.005bdump2000adump5000ens6.ring,epss5epsl5r10.5al1nl5ml1ns400ac1nc21615lz65.5dt0.005bdump2000adump5000,ns400nl5al1.0D20.0ac1.0nc21615,ns400nl5al1.0D20.0ac1.0,5.0,5.0,20.0,1.0,5,1,400,1.0,21615,131.0,0.005,2000,5000,6,1.0,1.0,1.0,1.0,1.0,0.0051526717557251,0.0098408781606439,0.275,0.5252113122032547,50001,0.4300744717085388,0.019121515557259737,0.0006184095011763603,32.74992499600692,25.35159458948255,0.022517368669310606,10.178700833840153,1.855696562954355,0.0060921204238825665,0.565010098504634,0.07593435730600646,0.001232350253020678
epss5epsl5r10.5al1nl5ml1ns400ac1nc21615lz65.5dt0.005bdump2000adump5000ens7.ring,epss5epsl5r10.5al1nl5ml1ns400ac1nc21615lz65.5dt0.005bdump2000adump5000ens7.ring,epss5epsl5r10.5al1nl5ml1ns400ac1nc21615lz65.5dt0.005bdump2000adump5000,ns400nl5al1.0D20.0ac1.0nc21615,ns400nl5al1.0D20.0ac1.0,5.0,5.0,20.0,1.0,5,1,400,1.0,21615,131.0,0.005,2000,5000,7,1.0,1.0,1.0,1.0,1.0,0.0051526717557251,0.0098408781606439,0.275,0.5252113122032547,50001,0.44361917895822095,0.02079631588843118,0.0006449234976093084,33.159989641870524,27.140258410965593,0.023298179504401453,10.333916022625209,2.0307309095901056,0.006372959923913073,0.594720651676593,0.08226388510089287,0.0012826837887873446
epss5epsl5r10.5al1nl5ml1ns400ac1nc21615lz65.5dt0.005bdump2000adump5000ens8.ring,epss5epsl5r10.5al1nl5ml1ns400ac1nc21615lz65.5dt0.005bdump2000adump5000ens8.ring,epss5epsl5r10.5al1nl5ml1ns400ac1nc21615lz65.5dt0.005bdump2000adump5000,ns400nl5al1.0D20.0ac1.0nc21615,ns400nl5al1.0D20.0ac1.0,5.0,5.0,20.0,1.0,5,1,400,1.0,21615,131.0,0.005,2000,5000,8,1.0,1.0,1.0,1.0,1.0,0.0051526717557251,0.0098408781606439,0.275,0.5252113122032547,50001,0.42175037806946825,0.019764524789754462,0.0006287213180695317,32.467052900038496,25.433091428644587,0.022553532507633738,10.07757350682728,1.844488451998118,0.006073694842512452,0.549785382609231,0.07615077892002389,0.0012341051731519796
epss5epsl5r10.5al1nl5ml1ns400ac1nc23580lz65.5dt0.005bdump2000adump5000ens1.ring,epss5epsl5r10.5al1nl5ml1ns400ac1nc23580lz65.5dt0.005bdump2000adump5000ens1.ring,epss5epsl5r10.5al1nl5ml1ns400ac1nc23580lz65.5dt0.005bdump2000adump5000,ns400nl5al1.0D20.0ac1.0nc23580,ns400nl5al1.0D20.0ac1.0,5.0,5.0,20.0,1.0,5,1,400,1.0,23580,131.0,0.005,2000,5000,1,1.0,1.0,1.0,1.0,1.0,0.0051526717557251,0.0098408781606439,0.3,0.5729577951308232,50001,0.40605460547005723,0.020852637070216583,0.0006457962073319506,31.793096188952838,26.700281023651975,0.023108561627090497,9.914868239430676,1.860078974412505,0.00609930975506656,0.5191273350648206,0.07818557247268565,0.0012504844858908539
epss5epsl5r10.5al1nl5ml1ns400ac1nc23580lz65.5dt0.005bdump2000adump5000ens2.ring,epss5epsl5r10.5al1nl5ml1ns400ac1nc23580lz65.5dt0.005bdump2000adump5000ens2.ring,epss5epsl5r10.5al1nl5ml1ns400ac1nc23580lz65.5dt0.005bdump2000adump5000,ns400nl5al1.0D20.0ac1.0nc23580,ns400nl5al1.0D20.0ac1.0,5.0,5.0,20.0,1.0,5,1,400,1.0,23580,131.0,0.005,2000,5000,2,1.0,1.0,1.0,1.0,1.0,0.0051526717557251,0.0098408781606439,0.3,0.5729577951308232,50001,0.4400526730960302,0.021938946296377326,0.0006624038993903542,32.94159775751476,29.865553028880335,0.02443994804776816,10.276888420113504,2.2491333963701927,0.00670691195166627,0.5880976801001182,0.0887819683589605,0.0013325311880699867
epss5epsl5r10.5al1nl5ml1ns400ac1nc23580lz65.5dt0.005bdump2000adump5000ens3.ring,epss5epsl5r10.5al1nl5ml1ns400ac1nc23580lz65.5dt0.005bdump2000adump5000ens3.ring,epss5epsl5r10.5al1nl5ml1ns400ac1nc23580lz65.5dt0.005bdump2000adump5000,ns400nl5al1.0D20.0ac1.0nc23580,ns400nl5al1.0D20.0ac1.0,5.0,5.0,20.0,1.0,5,1,400,1.0,23580,131.0,0.005,2000,5000,3,1.0,1.0,1.0,1.0,1.0,0.0051526717557251,0.0098408781606439,0.3,0.5729577951308232,50001,0.4274458062862001,0.022406482465851415,0.0006694248645793105,32.24664877887745,29.466311897591382,0.02427604246889982,10.022614313801146,2.218366997406713,0.006660881319174983,0.5650704231454065,0.08592232701667922,0.0013108953201280353
epss5epsl5r10.5al1nl5ml1ns400ac1nc23580lz65.5dt0.005bdump2000adump5000ens4.ring,epss5epsl5r10.5al1nl5ml1ns400ac1nc23580lz65.5dt0.005bdump2000adump5000ens4.ring,epss5epsl5r10.5al1nl5ml1ns400ac1nc23580lz65.5dt0.005bdump2000adump5000,ns400nl5al1.0D20.0ac1.0nc23580,ns400nl5al1.0D20.0ac1.0,5.0,5.0,20.0,1.0,5,1,400,1.0,23580,131.0,0.005,2000,5000,4,1.0,1.0,1.0,1.0,1.0,0.0051526717557251,0.0098408781606439,0.3,0.5729577951308232,50001,0.43216122546096614,0.02259669819613427,0.0006722603393944086,32.61548338907032,29.19344686352906,0.024163380087863975,10.131604810699223,2.104690014059995,0.006487973511135808,0.5739102306343439,0.08763553047581492,0.001323899773214082
epss5epsl5r10.5al1nl5ml1ns400ac1nc23580lz65.5dt0.005bdump2000adump5000ens5.ring,epss5epsl5r10.5al1nl5ml1ns400ac1nc23580lz65.5dt0.005bdump2000adump5000ens5.ring,epss5epsl5r10.5al1nl5ml1ns400ac1nc23580lz65.5dt0.005bdump2000adump5000,ns400nl5al1.0D20.0ac1.0nc23580,ns400nl5al1.0D20.0ac1.0,5.0,5.0,20.0,1.0,5,1,400,1.0,23580,131.0,0.005,2000,5000,5,1.0,1.0,1.0,1.0,1.0,0.0051526717557251,0.0098408781606439,0.3,0.5729577951308232,50001,0.40859052344529956,0.024024520239057486,0.0006931741518414761,31.918846222837505,31.660696978886488,0.025163742559041764,9.93767468461074,2.287555288653312,0.00676395636983757,0.5294396185280238,0.08903996845607406,0.0013344659490303534
epss5epsl5r10.5al1nl5ml1ns400ac1nc23580lz65.5dt0.005bdump2000adump5000ens6.ring,epss5epsl5r10.5al1nl5ml1ns400ac1nc23580lz65.5dt0.005bdump2000adump5000ens6.ring,epss5epsl5r10.5al1nl5ml1ns400ac1nc23580lz65.5dt0.005bdump2000adump5000,ns400nl5al1.0D20.0ac1.0nc23580,ns400nl5al1.0D20.0ac1.0,5.0,5.0,20.0,1.0,5,1,400,1.0,23580,131.0,0.005,2000,5000,6,1.0,1.0,1.0,1.0,1.0,0.0051526717557251,0.0098408781606439,0.3,0.5729577951308232,50001,0.44018880768269714,0.02218040867872022,0.000666039168198391,32.86215136060285,30.133285156281612,0.024549250561384402,10.209030263090098,2.3341134299234483,0.006832442359688736,0.5893725870597878,0.08789536846491305,0.0013258609916949292
epss5epsl5r10.5al1nl5ml1ns400ac1nc23580lz65.5dt0.005bdump2000adump5000ens7.ring,epss5epsl5r10.5al1nl5ml1ns400ac1nc23580lz65.5dt0.005bdump2000adump5000ens7.ring,epss5epsl5r10.5al1nl5ml1ns400ac1nc23580lz65.5dt0.005bdump2000adump5000,ns400nl5al1.0D20.0ac1.0nc23580,ns400nl5al1.0D20.0ac1.0,5.0,5.0,20.0,1.0,5,1,400,1.0,23580,131.0,0.005,2000,5000,7,1.0,1.0,1.0,1.0,1.0,0.0051526717557251,0.0098408781606439,0.3,0.5729577951308232,50001,0.42746033071927275,0.023944323346756825,0.0006920162331442352,32.64005714411621,31.43837644319698,0.025075237364059776,10.15308411082725,2.3148413721515815,0.006804177205440172,0.5659884253066809,0.0923765365792278,0.0013592390266559285
epss5epsl5r10.5al1nl5ml1ns400ac1nc23580lz65.5dt0.005bdump2000adump5000ens8.ring,epss5epsl5r10.5al1nl5ml1ns400ac1nc23580lz65.5dt0.005bdump2000adump5000ens8.ring,epss5epsl5r10.5al1nl5ml1ns400ac1nc23580lz65.5dt0.005bdump2000adump5000,ns400nl5al1.0D20.0ac1.0nc23580,ns400nl5al1.0D20.0ac1.0,5.0,5.0,20.0,1.0,5,1,400,1.0,23580,131.0,0.005,2000,5000,8,1.0,1.0,1.0,1.0,1.0,0.0051526717557251,0.0098408781606439,0.3,0.5729577951308232,50001,0.41523226720157536,0.0237788986827614,0.0006896216162905771,32.12341792573786,32.18288270308285,0.025370409024327086,10.030948339278785,2.3452448118770977,0.006848714933295294,0.5424582997738789,0.08986295875740989,0.001340618952256083
epss5epsl5r10.5al1nl5ml1ns400ac1nc25545lz65.5dt0.005bdump2000adump5000ens1.ring,epss5epsl5r10.5al1nl5ml1ns400ac1nc25545lz65.5dt0.005bdump2000adump5000ens1.ring,epss5epsl5r10.5al1nl5ml1ns400ac1nc25545lz65.5dt0.005bdump2000adump5000,ns400nl5al1.0D20.0ac1.0nc25545,ns400nl5al1.0D20.0ac1.0,5.0,5.0,20.0,1.0,5,1,400,1.0,25545,131.0,0.005,2000,5000,1,1.0,1.0,1.0,1.0,1.0,0.0051526717557251,0.0098408781606439,0.325,0.6207042780583919,50001,0.43536769977569856,0.02271785620820406,0.0006740601784440921,32.56335647855601,30.615734725766433,0.02474499332219204,10.137568356317592,2.2725902190817857,0.006741795338159986,0.5806980985140029,0.08951460613864523,0.0013380179829781454
epss5epsl5r10.5al1nl5ml1ns400ac1nc25545lz65.5dt0.005bdump2000adump5000ens2.ring,epss5epsl5r10.5al1nl5ml1ns400ac1nc25545lz65.5dt0.005bdump2000adump5000ens2.ring,epss5epsl5r10.5al1nl5ml1ns400ac1nc25545lz65.5dt0.005bdump2000adump5000,ns400nl5al1.0D20.0ac1.0nc25545,ns400nl5al1.0D20.0ac1.0,5.0,5.0,20.0,1.0,5,1,400,1.0,25545,131.0,0.005,2000,5000,2,1.0,1.0,1.0,1.0,1.0,0.0051526717557251,0.0098408781606439,0.325,0.6207042780583919,50001,0.4188779440109895,0.02312531764324166,0.0006800781961398508,31.810614296842633,28.260672332428925,0.023774218108038345,9.902776746287248,2.0352107042309235,0.006379985429812396,0.5473390017945292,0.08702822144649668,0.0013193045247136591
epss5epsl5r10.5al1nl5ml1ns400ac1nc25545lz65.5dt0.005bdump2000adump5000ens3.ring,epss5epsl5r10.5al1nl5ml1ns400ac1nc25545lz65.5dt0.005bdump2000adump5000ens3.ring,epss5epsl5r10.5al1nl5ml1ns400ac1nc25545lz65.5dt0.005bdump2000adump5000,ns400nl5al1.0D20.0ac1.0nc25545,ns400nl5al1.0D20.0ac1.0,5.0,5.0,20.0,1.0,5,1,400,1.0,25545,131.0,0.005,2000,5000,3,1.0,1.0,1.0,1.0,1.0,0.0051526717557251,0.0098408781606439,0.325,0.6207042780583919,50001,0.4161620368525398,0.02187636258421916,0.0006614584277824143,31.899504277332362,27.32862452636252,0.02337888984804989,9.928811329748823,1.9657078106332493,0.006270100175648312,0.5413921019556162,0.08311420306638168,0.0012892959556779946
epss5epsl5r10.5al1nl5ml1ns400ac1nc25545lz65.5dt0.005bdump2000adump5000ens4.ring,epss5epsl5r10.5al1nl5ml1ns400ac1nc25545lz65.5dt0.005bdump2000adump5000ens4.ring,epss5epsl5r10.5al1nl5ml1ns400ac1nc25545lz65.5dt0.005bdump2000adump5000,ns400nl5al1.0D20.0ac1.0nc25545,ns400nl5al1.0D20.0ac1.0,5.0,5.0,20.0,1.0,5,1,400,1.0,25545,131.0,0.005,2000,5000,4,1.0,1.0,1.0,1.0,1.0,0.0051526717557251,0.0098408781606439,0.325,0.6207042780583919,50001,0.4062732924857198,0.022074480907508253,0.0006644468512606294,31.58034715812489,27.82202666962082,0.02358899178414407,9.814093213169789,2.080835964856516,0.006451102176925298,0.5213197267767729,0.0843235164262679,0.001298641724466513
epss5epsl5r10.5al1nl5ml1ns400ac1nc25545lz65.5dt0.005bdump2000adump5000ens5.ring,epss5epsl5r10.5al1nl5ml1ns400ac1nc25545lz65.5dt0.005bdump2000adump5000ens5.ring,epss5epsl5r10.5al1nl5ml1ns400ac1nc25545lz65.5dt0.005bdump2000adump5000,ns400nl5al1.0D20.0ac1.0nc25545,ns400nl5al1.0D20.0ac1.0,5.0,5.0,20.0,1.0,5,1,400,1.0,25545,131.0,0.005,2000,5000,5,1.0,1.0,1.0,1.0,1.0,0.0051526717557251,0.0098408781606439,0.325,0.6207042780583919,50001,0.4366653797420072,0.02121140336078642,0.0006513279260216995,32.468264454290996,26.899272004691017,0.02319451314629864,10.096521879804097,2.0087673005691147,0.006338402481018565,0.5817459471080719,0.08375596886457982,0.0012942640292040867
epss5epsl5r10.5al1nl5ml1ns400ac1nc25545lz65.5dt0.005bdump2000adump5000ens6.ring,epss5epsl5r10.5al1nl5ml1ns400ac1nc25545lz65.5dt0.005bdump2000adump5000ens6.ring,epss5epsl5r10.5al1nl5ml1ns400ac1nc25545lz65.5dt0.005bdump2000adump5000,ns400nl5al1.0D20.0ac1.0nc25545,ns400nl5al1.0D20.0ac1.0,5.0,5.0,20.0,1.0,5,1,400,1.0,25545,131.0,0.005,2000,5000,6,1.0,1.0,1.0,1.0,1.0,0.0051526717557251,0.0098408781606439,0.325,0.6207042780583919,50001,0.44514819242914233,0.021903264421867154,0.0006618650077148232,32.75867037093081,28.660880273202057,0.02394196327505414,10.224987553950882,2.203241749912582,0.006638134903589384,0.5979511407270739,0.08822861601207811,0.0013283720564064732
epss5epsl5r10.5al1nl5ml1ns400ac1nc25545lz65.5dt0.005bdump2000adump5000ens7.ring,epss5epsl5r10.5al1nl5ml1ns400ac1nc25545lz65.5dt0.005bdump2000adump5000ens7.ring,epss5epsl5r10.5al1nl5ml1ns400ac1nc25545lz65.5dt0.005bdump2000adump5000,ns400nl5al1.0D20.0ac1.0nc25545,ns400nl5al1.0D20.0ac1.0,5.0,5.0,20.0,1.0,5,1,400,1.0,25545,131.0,0.005,2000,5000,7,1.0,1.0,1.0,1.0,1.0,0.0051526717557251,0.0098408781606439,0.325,0.6207042780583919,50001,0.4054855920921888,0.020036661564831314,0.0006330349368689111,31.310761715750182,24.858865306054437,0.022297473088246766,9.775682741702077,1.7560241662168181,0.005926253734387042,0.5180299873075677,0.07618190428486796,0.0012343573573715834
epss5epsl5r10.5al1nl5ml1ns400ac1nc25545lz65.5dt0.005bdump2000adump5000ens8.ring,epss5epsl5r10.5al1nl5ml1ns400ac1nc25545lz65.5dt0.005bdump2000adump5000ens8.ring,epss5epsl5r10.5al1nl5ml1ns400ac1nc25545lz65.5dt0.005bdump2000adump5000,ns400nl5al1.0D20.0ac1.0nc25545,ns400nl5al1.0D20.0ac1.0,5.0,5.0,20.0,1.0,5,1,400,1.0,25545,131.0,0.005,2000,5000,8,1.0,1.0,1.0,1.0,1.0,0.0051526717557251,0.0098408781606439,0.325,0.6207042780583919,50001,0.4217089758342091,0.02311930998012416,0.0006799898525731713,32.0409739620149,29.495208723431556,0.024287942985535667,10.009451751903955,2.223089367310222,0.006667967257433441,0.5538027481016212,0.08935310792233306,0.0013368104422268182
epss5epsl5r10.5al1nl5ml1ns400ac1nc27510lz65.5dt0.005bdump2000adump5000ens1.ring,epss5epsl5r10.5al1nl5ml1ns400ac1nc27510lz65.5dt0.005bdump2000adump5000ens1.ring,epss5epsl5r10.5al1nl5ml1ns400ac1nc27510lz65.5dt0.005bdump2000adump5000,ns400nl5al1.0D20.0ac1.0nc27510,ns400nl5al1.0D20.0ac1.0,5.0,5.0,20.0,1.0,5,1,400,1.0,27510,131.0,0.005,2000,5000,1,1.0,1.0,1.0,1.0,1.0,0.0051526717557251,0.0098408781606439,0.35,0.6684507609859605,50001,0.4059779965318553,0.02186828581557307,0.0006613363110486686,31.110187538070527,25.972011941272854,0.022791231621513065,9.696130141906776,1.7970540268744826,0.005995088034173448,0.5210177740484775,0.0821267057547332,0.0012816138712945736
epss5epsl5r10.5al1nl5ml1ns400ac1nc27510lz65.5dt0.005bdump2000adump5000ens2.ring,epss5epsl5r10.5al1nl5ml1ns400ac1nc27510lz65.5dt0.005bdump2000adump5000ens2.ring,epss5epsl5r10.5al1nl5ml1ns400ac1nc27510lz65.5dt0.005bdump2000adump5000,ns400nl5al1.0D20.0ac1.0nc27510,ns400nl5al1.0D20.0ac1.0,5.0,5.0,20.0,1.0,5,1,400,1.0,27510,131.0,0.005,2000,5000,2,1.0,1.0,1.0,1.0,1.0,0.0051526717557251,0.0098408781606439,0.35,0.6684507609859605,50001,0.4177346749662802,0.02202680739637339,0.000663728971740324,31.874149791441123,28.84655030432475,0.024019388128894852,9.918546116501602,2.1834036727439017,0.0066081823109595,0.5439995684297878,0.08393532307418497,0.001295649050277003
epss5epsl5r10.5al1nl5ml1ns400ac1nc27510lz65.5dt0.005bdump2000adump5000ens3.ring,epss5epsl5r10.5al1nl5ml1ns400ac1nc27510lz65.5dt0.005bdump2000adump5000ens3.ring,epss5epsl5r10.5al1nl5ml1ns400ac1nc27510lz65.5dt0.005bdump2000adump5000,ns400nl5al1.0D20.0ac1.0nc27510,ns400nl5al1.0D20.0ac1.0,5.0,5.0,20.0,1.0,5,1,400,1.0,27510,131.0,0.005,2000,5000,3,1.0,1.0,1.0,1.0,1.0,0.0051526717557251,0.0098408781606439,0.35,0.6684507609859605,50001,0.42298057209345236,0.021737224000833257,0.0006593515602595214,31.975265600278814,26.752135916637616,0.023130990431296978,9.954162737493526,1.9973855964788052,0.006320420233621821,0.5529065308284119,0.08481360016212185,0.0013024100749158987
epss5epsl5r10.5al1nl5ml1ns400ac1nc27510lz65.5dt0.005bdump2000adump5000ens4.ring,epss5epsl5r10.5al1nl5ml1ns400ac1nc27510lz65.5dt0.005bdump2000adump5000ens4.ring,epss5epsl5r10.5al1nl5ml1ns400ac1nc27510lz65.5dt0.005bdump2000adump5000,ns400nl5al1.0D20.0ac1.0nc27510,ns400nl5al1.0D20.0ac1.0,5.0,5.0,20.0,1.0,5,1,400,1.0,27510,131.0,0.005,2000,5000,4,1.0,1.0,1.0,1.0,1.0,0.0051526717557251,0.0098408781606439,0.35,0.6684507609859605,50001,0.43197797883954714,0.019400044423505843,0.0006228971732718947,32.2160574778426,23.517456668932773,0.02168753405481258,10.021111979925797,1.7671382388728751,0.005944978114127713,0.5698553557425227,0.07567064703348556,0.001230208494796598
epss5epsl5r10.5al1nl5ml1ns400ac1nc27510lz65.5dt0.005bdump2000adump5000ens5.ring,epss5epsl5r10.5al1nl5ml1ns400ac1nc27510lz65.5dt0.005bdump2000adump5000ens5.ring,epss5epsl5r10.5al1nl5ml1ns400ac1nc27510lz65.5dt0.005bdump2000adump5000,ns400nl5al1.0D20.0ac1.0nc27510,ns400nl5al1.0D20.0ac1.0,5.0,5.0,20.0,1.0,5,1,400,1.0,27510,131.0,0.005,2000,5000,5,1.0,1.0,1.0,1.0,1.0,0.0051526717557251,0.0098408781606439,0.35,0.6684507609859605,50001,0.4091167779805711,0.021209945131015373,0.0006513055370717399,31.414446675132048,24.857405924715327,0.022296818573381866,9.810817335675294,1.8652556088506387,0.006107791104565772,0.5270034896284086,0.08081034017672382,0.0012713012245469115
epss5epsl5r10.5al1nl5ml1ns400ac1nc27510lz65.5dt0.005bdump2000adump5000ens6.ring,epss5epsl5r10.5al1nl5ml1ns400ac1nc27510lz65.5dt0.005bdump2000adump5000ens6.ring,epss5epsl5r10.5al1nl5ml1ns400ac1nc27510lz65.5dt0.005bdump2000adump5000,ns400nl5al1.0D20.0ac1.0nc27510,ns400nl5al1.0D20.0ac1.0,5.0,5.0,20.0,1.0,5,1,400,1.0,27510,131.0,0.005,2000,5000,6,1.0,1.0,1.0,1.0,1.0,0.0051526717557251,0.0098408781606439,0.35,0.6684507609859605,50001,0.42058386495767625,0.022364109100978663,0.0006687915833946876,31.88964555227328,28.735965044267044,0.023973303920931315,9.93968231816476,2.077690101859497,0.0064462238587556,0.5502647501014593,0.0851576181767926,0.0013050487973772676
epss5epsl5r10.5al1nl5ml1ns400ac1nc27510lz65.5dt0.005bdump2000adump5000ens7.ring,epss5epsl5r10.5al1nl5ml1ns400ac1nc27510lz65.5dt0.005bdump2000adump5000ens7.ring,epss5epsl5r10.5al1nl5ml1ns400ac1nc27510lz65.5dt0.005bdump2000adump5000,ns400nl5al1.0D20.0ac1.0nc27510,ns400nl5al1.0D20.0ac1.0,5.0,5.0,20.0,1.0,5,1,400,1.0,27510,131.0,0.005,2000,5000,7,1.0,1.0,1.0,1.0,1.0,0.0051526717557251,0.0098408781606439,0.35,0.6684507609859605,50001,0.4102205180711273,0.021242170704388087,0.0006518001335438354,31.47962088987438,25.828733612595205,0.022728279130895594,9.825599655317388,1.8545716573357807,0.006090273651217621,0.5277136935598358,0.080460271394076,0.0012685446101267073
epss5epsl5r10.5al1nl5ml1ns400ac1nc27510lz65.5dt0.005bdump2000adump5000ens8.ring,epss5epsl5r10.5al1nl5ml1ns400ac1nc27510lz65.5dt0.005bdump2000adump5000ens8.ring,epss5epsl5r10.5al1nl5ml1ns400ac1nc27510lz65.5dt0.005bdump2000adump5000,ns400nl5al1.0D20.0ac1.0nc27510,ns400nl5al1.0D20.0ac1.0,5.0,5.0,20.0,1.0,5,1,400,1.0,27510,131.0,0.005,2000,5000,8,1.0,1.0,1.0,1.0,1.0,0.0051526717557251,0.0098408781606439,0.35,0.6684507609859605,50001,0.45819735873072626,0.023942237504502084,0.0006919860909657373,33.252927450682556,32.50960067031646,0.02549886298261805,10.327494543757968,2.581936437953996,0.007186009237336112,0.6271845480595873,0.09830087403029208,0.001402147453232306
epss5epsl5r10.5al1nl5ml1ns400ac1nc29475lz65.5dt0.005bdump2000adump5000ens1.ring,epss5epsl5r10.5al1nl5ml1ns400ac1nc29475lz65.5dt0.005bdump2000adump5000ens1.ring,epss5epsl5r10.5al1nl5ml1ns400ac1nc29475lz65.5dt0.005bdump2000adump5000,ns400nl5al1.0D20.0ac1.0nc29475,ns400nl5al1.0D20.0ac1.0,5.0,5.0,20.0,1.0,5,1,400,1.0,29475,131.0,0.005,2000,5000,1,1.0,1.0,1.0,1.0,1.0,0.0051526717557251,0.0098408781606439,0.3749999999999999,0.716197243913529,50001,0.4316245982532725,0.019756024559733226,0.0006285861048374077,31.68470118957072,22.820461921154685,0.021363736527655778,9.842931873788682,1.7171736906040258,0.0058603305207198435,0.5683825066302414,0.0778523361281674,0.0012478167824497906
epss5epsl5r10.5al1nl5ml1ns400ac1nc29475lz65.5dt0.005bdump2000adump5000ens2.ring,epss5epsl5r10.5al1nl5ml1ns400ac1nc29475lz65.5dt0.005bdump2000adump5000ens2.ring,epss5epsl5r10.5al1nl5ml1ns400ac1nc29475lz65.5dt0.005bdump2000adump5000,ns400nl5al1.0D20.0ac1.0nc29475,ns400nl5al1.0D20.0ac1.0,5.0,5.0,20.0,1.0,5,1,400,1.0,29475,131.0,0.005,2000,5000,2,1.0,1.0,1.0,1.0,1.0,0.0051526717557251,0.0098408781606439,0.3749999999999999,0.716197243913529,50001,0.40833414352879105,0.022191934833127952,0.0006662122009259204,31.099832142246466,25.876217255789438,0.022749161415660774,9.705635278066906,1.968583919109942,0.006274685520581796,0.5260370837974006,0.08562960125123917,0.0013086603933124834
epss5epsl5r10.5al1nl5ml1ns400ac1nc29475lz65.5dt0.005bdump2000adump5000ens3.ring,epss5epsl5r10.5al1nl5ml1ns400ac1nc29475lz65.5dt0.005bdump2000adump5000ens3.ring,epss5epsl5r10.5al1nl5ml1ns400ac1nc29475lz65.5dt0.005bdump2000adump5000,ns400nl5al1.0D20.0ac1.0nc29475,ns400nl5al1.0D20.0ac1.0,5.0,5.0,20.0,1.0,5,1,400,1.0,29475,131.0,0.005,2000,5000,3,1.0,1.0,1.0,1.0,1.0,0.0051526717557251,0.0098408781606439,0.3749999999999999,0.716197243913529,50001,0.4505540618330404,0.02126046154403828,0.0006520806935347539,32.722203978676625,26.9298151218288,0.023207677661424377,10.201989843785418,2.1331552943170906,0.006531700076269716,0.6078042902237459,0.08453754663940011,0.0013002887882266779
epss5epsl5r10.5al1nl5ml1ns400ac1nc29475lz65.5dt0.005bdump2000adump5000ens4.ring,epss5epsl5r10.5al1nl5ml1ns400ac1nc29475lz65.5dt0.005bdump2000adump5000ens4.ring,epss5epsl5r10.5al1nl5ml1ns400ac1nc29475lz65.5dt0.005bdump2000adump5000,ns400nl5al1.0D20.0ac1.0nc29475,ns400nl5al1.0D20.0ac1.0,5.0,5.0,20.0,1.0,5,1,400,1.0,29475,131.0,0.005,2000,5000,4,1.0,1.0,1.0,1.0,1.0,0.0051526717557251,0.0098408781606439,0.3749999999999999,0.716197243913529,50001,0.4076489880044151,0.02041803283115435,0.0006390310294681214,31.155045193583128,22.83281220332282,0.02136951670175197,9.718572087285853,1.6430507112081119,0.005732452723238303,0.5220210225440856,0.07780396260148033,0.0012474290569124988
epss5epsl5r10.5al1nl5ml1ns400ac1nc29475lz65.5dt0.005bdump2000adump5000ens5.ring,epss5epsl5r10.5al1nl5ml1ns400ac1nc29475lz65.5dt0.005bdump2000adump5000ens5.ring,epss5epsl5r10.5al1nl5ml1ns400ac1nc29475lz65.5dt0.005bdump2000adump5000,ns400nl5al1.0D20.0ac1.0nc29475,ns400nl5al1.0D20.0ac1.0,5.0,5.0,20.0,1.0,5,1,400,1.0,29475,131.0,0.005,2000,5000,5,1.0,1.0,1.0,1.0,1.0,0.0051526717557251,0.0098408781606439,0.3749999999999999,0.716197243913529,50001,0.4418503803420074,0.0214676767856494,0.0006552507426268116,32.22669320897945,25.694189515580714,0.02266900505782321,10.01800635901822,1.8486456760227807,0.006080535627759747,0.5919357609345084,0.0848516576118001,0.001302702250031066
epss5epsl5r10.5al1nl5ml1ns400ac1nc29475lz65.5dt0.005bdump2000adump5000ens6.ring,epss5epsl5r10.5al1nl5ml1ns400ac1nc29475lz65.5dt0.005bdump2000adump5000ens6.ring,epss5epsl5r10.5al1nl5ml1ns400ac1nc29475lz65.5dt0.005bdump2000adump5000,ns400nl5al1.0D20.0ac1.0nc29475,ns400nl5al1.0D20.0ac1.0,5.0,5.0,20.0,1.0,5,1,400,1.0,29475,131.0,0.005,2000,5000,6,1.0,1.0,1.0,1.0,1.0,0.0051526717557251,0.0098408781606439,0.3749999999999999,0.716197243913529,50001,0.43694155701462645,0.021369114926175693,0.000653744826766158,32.126517830399315,26.806595708247134,0.023154522542366163,9.980438589071358,1.9843696748976698,0.0062997931313618066,0.580522142935161,0.08558499427395272,0.0013083194890694911
epss5epsl5r10.5al1nl5ml1ns400ac1nc29475lz65.5dt0.005bdump2000adump5000ens7.ring,epss5epsl5r10.5al1nl5ml1ns400ac1nc29475lz65.5dt0.005bdump2000adump5000ens7.ring,epss5epsl5r10.5al1nl5ml1ns400ac1nc29475lz65.5dt0.005bdump2000adump5000,ns400nl5al1.0D20.0ac1.0nc29475,ns400nl5al1.0D20.0ac1.0,5.0,5.0,20.0,1.0,5,1,400,1.0,29475,131.0,0.005,2000,5000,7,1.0,1.0,1.0,1.0,1.0,0.0051526717557251,0.0098408781606439,0.3749999999999999,0.716197243913529,50001,0.4197683017901368,0.02485674383354291,0.0007050779224106071,31.689550605197613,30.031010892881834,0.02450755430184001,9.841941854514083,2.284829212549846,0.006759924870218376,0.5520652604344796,0.09316798919161631,0.001365049370474316
epss5epsl5r10.5al1nl5ml1ns400ac1nc29475lz65.5dt0.005bdump2000adump5000ens8.ring,epss5epsl5r10.5al1nl5ml1ns400ac1nc29475lz65.5dt0.005bdump2000adump5000ens8.ring,epss5epsl5r10.5al1nl5ml1ns400ac1nc29475lz65.5dt0.005bdump2000adump5000,ns400nl5al1.0D20.0ac1.0nc29475,ns400nl5al1.0D20.0ac1.0,5.0,5.0,20.0,1.0,5,1,400,1.0,29475,131.0,0.005,2000,5000,8,1.0,1.0,1.0,1.0,1.0,0.0051526717557251,0.0098408781606439,0.3749999999999999,0.716197243913529,50001,0.4192057295312746,0.01781912541150272,0.0005969778121756741,31.364967334022765,21.006508475706227,0.020497077096847845,9.778086090232557,1.542874962511517,0.0055549526775869424,0.5413748407866639,0.06861716968172535,0.0011714706115112349
epss5epsl5r10.5al1nl5ml1ns400ac1nc31440lz65.5dt0.005bdump2000adump5000ens1.ring,epss5epsl5r10.5al1nl5ml1ns400ac1nc31440lz65.5dt0.005bdump2000adump5000ens1.ring,epss5epsl5r10.5al1nl5ml1ns400ac1nc31440lz65.5dt0.005bdump2000adump5000,ns400nl5al1.0D20.0ac1.0nc31440,ns400nl5al1.0D20.0ac1.0,5.0,5.0,20.0,1.0,5,1,400,1.0,31440,131.0,0.005,2000,5000,1,1.0,1.0,1.0,1.0,1.0,0.0051526717557251,0.0098408781606439,0.3999999999999999,0.7639437268410977,50001,0.39814342978915707,0.02059639164860104,0.0006418160429375546,30.689329433034906,27.407618037805545,0.023412653859742404,9.55615263463051,1.9957437037212797,0.006317821940702792,0.5029193882927835,0.07753824475666275,0.001245297111188031
epss5epsl5r10.5al1nl5ml1ns400ac1nc31440lz65.5dt0.005bdump2000adump5000ens2.ring,epss5epsl5r10.5al1nl5ml1ns400ac1nc31440lz65.5dt0.005bdump2000adump5000ens2.ring,epss5epsl5r10.5al1nl5ml1ns400ac1nc31440lz65.5dt0.005bdump2000adump5000,ns400nl5al1.0D20.0ac1.0nc31440,ns400nl5al1.0D20.0ac1.0,5.0,5.0,20.0,1.0,5,1,400,1.0,31440,131.0,0.005,2000,5000,2,1.0,1.0,1.0,1.0,1.0,0.0051526717557251,0.0098408781606439,0.3999999999999999,0.7639437268410977,50001,0.40110609656768836,0.022813992609299654,0.0006754849015233376,30.633747336993263,28.574610384601723,0.023905903197579348,9.586315429318061,2.136232246196177,0.006536409176598687,0.5130014758561973,0.0862592401480255,0.0013134629050568995
epss5epsl5r10.5al1nl5ml1ns400ac1nc31440lz65.5dt0.005bdump2000adump5000ens3.ring,epss5epsl5r10.5al1nl5ml1ns400ac1nc31440lz65.5dt0.005bdump2000adump5000ens3.ring,epss5epsl5r10.5al1nl5ml1ns400ac1nc31440lz65.5dt0.005bdump2000adump5000,ns400nl5al1.0D20.0ac1.0nc31440,ns400nl5al1.0D20.0ac1.0,5.0,5.0,20.0,1.0,5,1,400,1.0,31440,131.0,0.005,2000,5000,3,1.0,1.0,1.0,1.0,1.0,0.0051526717557251,0.0098408781606439,0.3999999999999999,0.7639437268410977,50001,0.42799783142580333,0.021528632845346767,0.000656180353947705,31.548252016679637,25.920120288570594,0.02276845198452042,9.801720562921224,1.786285505441706,0.005977098803670065,0.5635294267800947,0.08327464353871923,0.0012905397594705809
epss5epsl5r10.5al1nl5ml1ns400ac1nc31440lz65.5dt0.005bdump2000adump5000ens4.ring,epss5epsl5r10.5al1nl5ml1ns400ac1nc31440lz65.5dt0.005bdump2000adump5000ens4.ring,epss5epsl5r10.5al1nl5ml1ns400ac1nc31440lz65.5dt0.005bdump2000adump5000,ns400nl5al1.0D20.0ac1.0nc31440,ns400nl5al1.0D20.0ac1.0,5.0,5.0,20.0,1.0,5,1,400,1.0,31440,131.0,0.005,2000,5000,4,1.0,1.0,1.0,1.0,1.0,0.0051526717557251,0.0098408781606439,0.3999999999999999,0.7639437268410977,50001,0.40053282213685787,0.023682596069586375,0.00068822374369948,30.531355828362102,27.182682726007453,0.023316381677270362,9.559711397650215,1.924814723346563,0.006204538215446114,0.5124459745057951,0.08663702223022765,0.0013163359922924514
epss5epsl5r10.5al1nl5ml1ns400ac1nc31440lz65.5dt0.005bdump2000adump5000ens5.ring,epss5epsl5r10.5al1nl5ml1ns400ac1nc31440lz65.5dt0.005bdump2000adump5000ens5.ring,epss5epsl5r10.5al1nl5ml1ns400ac1nc31440lz65.5dt0.005bdump2000adump5000,ns400nl5al1.0D20.0ac1.0nc31440,ns400nl5al1.0D20.0ac1.0,5.0,5.0,20.0,1.0,5,1,400,1.0,31440,131.0,0.005,2000,5000,5,1.0,1.0,1.0,1.0,1.0,0.0051526717557251,0.0098408781606439,0.3999999999999999,0.7639437268410977,50001,0.4293502838864906,0.02172773435674098,0.000659207620658939,31.85130995553612,27.502127516711333,0.023452985957745906,9.951233873364924,1.9941312319412712,0.006315269165983776,0.5659622268064156,0.08440887354835266,0.0012992988382073824
epss5epsl5r10.5al1nl5ml1ns400ac1nc31440lz65.5dt0.005bdump2000adump5000ens6.ring,epss5epsl5r10.5al1nl5ml1ns400ac1nc31440lz65.5dt0.005bdump2000adump5000ens6.ring,epss5epsl5r10.5al1nl5ml1ns400ac1nc31440lz65.5dt0.005bdump2000adump5000,ns400nl5al1.0D20.0ac1.0nc31440,ns400nl5al1.0D20.0ac1.0,5.0,5.0,20.0,1.0,5,1,400,1.0,31440,131.0,0.005,2000,5000,6,1.0,1.0,1.0,1.0,1.0,0.0051526717557251,0.0098408781606439,0.3999999999999999,0.7639437268410977,50001,0.4708144557879136,0.023020565653146807,0.0006785361545731636,33.08042672810484,31.512778603402367,0.02510489139725658,10.325466392825202,2.458430190176221,0.007012032786826115,0.6524051441805919,0.09837416683165058,0.001402670074049137
epss5epsl5r10.5al1nl5ml1ns400ac1nc31440lz65.5dt0.005bdump2000adump5000ens7.ring,epss5epsl5r10.5al1nl5ml1ns400ac1nc31440lz65.5dt0.005bdump2000adump5000ens7.ring,epss5epsl5r10.5al1nl5ml1ns400ac1nc31440lz65.5dt0.005bdump2000adump5000,ns400nl5al1.0D20.0ac1.0nc31440,ns400nl5al1.0D20.0ac1.0,5.0,5.0,20.0,1.0,5,1,400,1.0,31440,131.0,0.005,2000,5000,7,1.0,1.0,1.0,1.0,1.0,0.0051526717557251,0.0098408781606439,0.3999999999999999,0.7639437268410977,50001,0.43718515627763177,0.0230121145671225,0.0006784115943455346,31.84312281859679,27.4027313354371,0.023410566561036964,9.924791522444316,2.079543067606591,0.006449097716125242,0.5834105325181751,0.08883577324218238,0.0013329349064540427
epss5epsl5r10.5al1nl5ml1ns400ac1nc31440lz65.5dt0.005bdump2000adump5000ens8.ring,epss5epsl5r10.5al1nl5ml1ns400ac1nc31440lz65.5dt0.005bdump2000adump5000ens8.ring,epss5epsl5r10.5al1nl5ml1ns400ac1nc31440lz65.5dt0.005bdump2000adump5000,ns400nl5al1.0D20.0ac1.0nc31440,ns400nl5al1.0D20.0ac1.0,5.0,5.0,20.0,1.0,5,1,400,1.0,31440,131.0,0.005,2000,5000,8,1.0,1.0,1.0,1.0,1.0,0.0051526717557251,0.0098408781606439,0.3999999999999999,0.7639437268410977,50001,0.43241621440619366,0.0209826040154291,0.0006478055883585615,31.76506706235962,26.08114374994019,0.02283906466996413,9.88471141998782,1.92125625283359,0.006198800291723536,0.5705536023587962,0.08252158159072225,0.0012846912593360495
